-- Dummy Data --
INSERT INTO dummy (created) VALUES (current_timestamp);

-- Populate Your Tables Here --
INSERT INTO members (id, member) VALUES ('fbec17cc-9d39-4bff-be43-afc60e5f80db', '{"email": "user@example.com", "pass": "$2b$10$r3AyISt.BU42f0DLPqO9Iu6y31lTvif0ht1ZoGhFLcfB116Tt8Tp6", "firstname": "user", "lastname": "user"}');
INSERT INTO members (id, member) VALUES ('a829dc0c-0e0b-4514-bf8f-47ef5864a0e0', '{"email": "test@test.com", "pass": "$2b$10$frv4KPde2FkxyowKZaKHW.n5sTTRc7z.MGORGF4X2xN.v2s..TxrK", "firstname": "test", "lastname": "test"}');
INSERT INTO categories (id, category) VALUES ('c7c385c1-d889-40e4-bd5c-a5d2806700b5', '{"name": "Vehicles", "filters": [{"condition":["New","Used - Like New","Used - Good","Used - Fair"],"make":["Acura","BMW","Toyota","Volvo"],"color":["Black","Grey","Red","Yellow","Green","Blue","Purple","White","Brown","Pink"],"body":["Covertible","Sedan","SUV","Truck"]}]}');
INSERT INTO categories (id, category, parent) VALUES ('995933b9-644a-4fe1-b6bb-eedc9c94976c', '{"name": "Cars", "filters": [{"condition":["New","Used - Like New","Used - Good","Used - Fair"]}]}', 'c7c385c1-d889-40e4-bd5c-a5d2806700b5');
INSERT INTO categories (id, category, parent) VALUES ('c5f2f682-79c1-4c12-98e4-7db79f0df9ca', '{"name": "Motorcycles", "filters": [{"condition":["New","Used - Like New","Used - Good","Used - Fair"]}]}', 'c7c385c1-d889-40e4-bd5c-a5d2806700b5');
INSERT INTO categories (id, category) VALUES ('86031435-3552-40f9-baad-addadd6528cf', '{"name": "Rentals", "filters": [{"bedrooms":["1","2","3","4"],"bathrooms":["1","2","3"]}]}');
INSERT INTO categories (id, category) VALUES ('f991d7c7-9db1-409f-a052-fac469e612ab', '{"name": "Apparel", "filters": [{"condition":["New","Used - Like New","Used - Good","Used - Fair"],"color":["Black","Grey","Red","Yellow","Green","Blue","Purple","White","Brown","Pink"]}]}');
INSERT INTO categories (id, category, parent) VALUES ('2c99fcd4-9862-4de9-95af-bd4f8a60c0bb', '{"name": "Womens", "filters": [{"condition":["New","Used - Like New","Used - Good","Used - Fair"],"color":["Black","Grey","Red","Yellow","Green","Blue","Purple","White","Brown","Pink"]}]}', 'f991d7c7-9db1-409f-a052-fac469e612ab');
INSERT INTO categories (id, category, parent) VALUES ('df17d86e-2be5-4696-9121-81bb4b3d156c', '{"name": "Mens", "filters": [{"condition":["New","Used - Like New","Used - Good","Used - Fair"]}]}', 'f991d7c7-9db1-409f-a052-fac469e612ab');
INSERT INTO categories (id, category, parent) VALUES ('9c2fac83-0a7f-4e21-a1e2-e9be1f6675c6', '{"name": "Shoes", "filters": [{"condition":["New","Used - Like New","Used - Good","Used - Fair"],"gender":["Women","Mens"]}]}', 'f991d7c7-9db1-409f-a052-fac469e612ab');
INSERT INTO categories (id, category) VALUES ('68bde46f-57fc-41b0-937f-bf7e9300dc58', '{"name": "Electronics", "filters": [{"condition":["New","Used - Like New","Used - Good","Used - Fair"],"brand":["Apple","Canon","Nintendo","Dell"]}]}');
INSERT INTO categories (id, category, parent) VALUES ('6ca5eb20-6c53-47ea-b632-0f480d78a764', '{"name": "Cameras", "filters": [{"condition":["New","Used - Like New","Used - Good","Used - Fair"],"brand":["Canon","Fujifilm","GoPro","Nikon","Polaroid","Samsung"]}]}', '68bde46f-57fc-41b0-937f-bf7e9300dc58');
INSERT INTO categories (id, category, parent) VALUES ('a5931b2f-759e-4359-90f4-8f6f44d35a6d', '{"name": "Computers", "filters": [{"condition":["New","Used - Like New","Used - Good","Used - Fair"]}]}', '68bde46f-57fc-41b0-937f-bf7e9300dc58');
INSERT INTO categories (id, category, parent) VALUES ('5d5a44c3-3422-4421-91ea-a6612ee01735', '{"name": "Cell Phones", "filters": [{"condition":["New","Used - Like New","Used - Good","Used - Fair"],"network":["AT&T","Sprint","T-Mobile","Verizon","Unlocked"],"brand":["Apple","Blackberry","LG","Samsung","Huawei","Nokia"]}]}', '68bde46f-57fc-41b0-937f-bf7e9300dc58');
INSERT INTO categories (id, category, parent) VALUES ('ee110bd2-0bb5-4205-b340-58581da3b074', '{"name": "Video Game Consoles", "filters": [{"condition":["New","Used - Like New","Used - Good","Used - Fair"],"brand":["Microsoft","Sony"],"Platform":["Nintendo 3DS","Nintendo Wii","Play Station","Xbox"]}]}', '68bde46f-57fc-41b0-937f-bf7e9300dc58');
INSERT INTO categories (id, category) VALUES ('50157523-1e01-4334-8204-b8c42c9b18b7', '{"name": "Entertainment", "filters": [{"condition":["New","Used - Like New","Used - Good","Used - Fair"]}]}');
INSERT INTO categories (id, category, parent) VALUES ('8e2997c3-f464-447c-b0a4-70ebb0566ee8', '{"name": "Books, Movies & Music", "filters": [{"condition":["New","Used - Like New","Used - Good","Used - Fair"]}]}', '50157523-1e01-4334-8204-b8c42c9b18b7');
INSERT INTO categories (id, category) VALUES ('c7a67626-f363-46c6-88d3-819c7e1a2d96', '{"name": "Family", "filters": [{"condition":["New","Used - Like New","Used - Good","Used - Fair"]}]}');
INSERT INTO categories (id, category, parent) VALUES ('76a2e2b4-11ab-4673-8251-411ad2c8044a', '{"name": "Baby & Kid Items", "filters": [{"condition":["New","Used - Like New","Used - Good","Used - Fair"]}]}', 'c7a67626-f363-46c6-88d3-819c7e1a2d96');
INSERT INTO categories (id, category, parent) VALUES ('bf650994-df5d-44ac-a35b-829ad1cdbda2', '{"name": "Health & Beauty", "filters": [{"condition":["New","Used - Like New","Used - Good","Used - Fair"],"brand":["Fitbit","Secret","Victorias Secret"]}]}', 'c7a67626-f363-46c6-88d3-819c7e1a2d96');
INSERT INTO categories (id, category) VALUES ('4203b4d9-0707-4774-9dd5-2acb8c9b0563', '{"name": "Garden & Outdoor", "filters": [{"condition":["New","Used - Like New","Used - Good","Used - Fair"]}]}');
INSERT INTO categories (id, category, parent) VALUES ('88811019-3e47-4c33-895d-a18bbc54db3e', '{"name": "Garden Decor", "filters": [{"condition":["New","Used - Like New","Used - Good","Used - Fair"],"material":["Fabric","Metal"]}]}', '4203b4d9-0707-4774-9dd5-2acb8c9b0563');
INSERT INTO categories (id, category, parent) VALUES ('1a53805a-445a-4eb6-8647-ff4f2077974d', '{"name": "Outdoor Cooking", "filters": [{"condition":["New","Used - Like New","Used - Good","Used - Fair"]}]}', '4203b4d9-0707-4774-9dd5-2acb8c9b0563');
INSERT INTO categories (id, category) VALUES ('979e8379-7d29-43ea-a4f6-e6ce053071f7', '{"name": "Hobbies", "filters": [{"condition":["New","Used - Like New","Used - Good","Used - Fair"]}]}');
INSERT INTO categories (id, category, parent) VALUES ('1da52200-00b0-4370-9257-363a6f40f84e', '{"name": "Arts & Crafts", "filters": [{"condition":["New","Used - Like New","Used - Good","Used - Fair"],"brand":["Sizzix"]}]}', '979e8379-7d29-43ea-a4f6-e6ce053071f7');
INSERT INTO categories (id, category, parent) VALUES ('38602ea8-eff4-4775-b43f-1908adff5633', '{"name": "Collectibles", "filters": [{"condition":["New","Used - Like New","Used - Good","Used - Fair"]}]}', '979e8379-7d29-43ea-a4f6-e6ce053071f7');
INSERT INTO categories (id, category) VALUES ('01b5cbf5-7f2f-4966-b127-40efc972ab30', '{"name": "Home Goods", "filters": [{"condition":["New","Used - Like New","Used - Good","Used - Fair"]}]}');
INSERT INTO categories (id, category, parent) VALUES ('cdb0b2eb-4f3a-4940-b00a-d3015eb79047', '{"name": "Appliances", "filters": [{"condition":["New","Used - Like New","Used - Good","Used - Fair"],"brand":["Cuisinart","Hamilton Beach","Keurig","Ninja"],"material":["Metal"]}]}', '01b5cbf5-7f2f-4966-b127-40efc972ab30');
INSERT INTO categories (id, category, parent) VALUES ('923f6c5a-0e1e-417e-ae90-6a04f7345ac5', '{"name": "Decor", "filters": [{"condition":["New","Used - Like New","Used - Good","Used - Fair"],"decor style":["Contemporary","Country","Farmhouse","Glam","Vintage"]}]}', '01b5cbf5-7f2f-4966-b127-40efc972ab30');
INSERT INTO categories (id, category) VALUES ('16298ede-8e30-4fc2-b155-70f7c8b58847', '{"name": "Musical Instruments", "filters": [{"condition":["New","Used - Like New","Used - Good","Used - Fair"]}]}');
INSERT INTO categories (id, category, parent) VALUES ('12bbe4c5-d459-4643-bb9d-4706e47daf1e', '{"name": "Drum Sets", "filters": [{"condition":["New","Used - Like New","Used - Good","Used - Fair"]}]}', '16298ede-8e30-4fc2-b155-70f7c8b58847');
INSERT INTO categories (id, category, parent) VALUES ('9d5b9886-45a0-4a22-9f57-24086b2a3cf9', '{"name": "Guitars", "filters": [{"condition":["New","Used - Like New","Used - Good","Used - Fair"]}]}', '16298ede-8e30-4fc2-b155-70f7c8b58847');
INSERT INTO categories (id, category, parent) VALUES ('b26a8595-3eae-4669-9a6e-0c43475aa30b', '{"name": "Music Accessories", "filters": [{"condition":["New","Used - Like New","Used - Good","Used - Fair"]}]}', '16298ede-8e30-4fc2-b155-70f7c8b58847');
INSERT INTO categories (id, category) VALUES ('316625b1-e43b-4b9e-89fb-1a6c2eb42da0', '{"name": "Office Supplies", "filters": [{"condition":["New","Used - Like New","Used - Good","Used - Fair"]}]}');
INSERT INTO categories (id, category, parent) VALUES ('70c08b95-9253-4bf2-94b1-9de73e5bdd99', '{"name": "Bubble Wrap", "filters": [{"condition":["New","Used - Like New","Used - Good","Used - Fair"]}]}', '316625b1-e43b-4b9e-89fb-1a6c2eb42da0');
INSERT INTO categories (id, category, parent) VALUES ('4939d57c-1f4b-46ae-a774-149a59d6ffc5', '{"name": "Whiteboards", "filters": [{"condition":["New","Used - Like New","Used - Good","Used - Fair"]}]}', '316625b1-e43b-4b9e-89fb-1a6c2eb42da0');
INSERT INTO categories (id, category) VALUES ('2bef0864-bf83-4492-9bde-6b8d2b60cdea', '{"name": "Pet Supplies", "filters": [{"condition":["New","Used - Like New","Used - Good","Used - Fair"],"brand":["Chaco"]}]}');
INSERT INTO categories (id, category, parent) VALUES ('d70265bb-5ab4-4dbb-9b7e-1160b4e88eaa', '{"name": "Cat Supplies", "filters": [{"condition":["New","Used - Like New","Used - Good","Used - Fair"]}]}', '2bef0864-bf83-4492-9bde-6b8d2b60cdea');
INSERT INTO categories (id, category, parent) VALUES ('4eb5dbd2-db26-4db5-bc23-2196fda2b614', '{"name": "Dog Supplies", "filters": [{"condition":["New","Used - Like New","Used - Good","Used - Fair"]}]}', '2bef0864-bf83-4492-9bde-6b8d2b60cdea');
INSERT INTO categories (id, category) VALUES ('76f5620c-7300-4cb6-824d-78d88af8aa62', '{"name": "Sporting Goods", "filters": [{"condition":["New","Used - Like New","Used - Good","Used - Fair"]}]}');
INSERT INTO categories (id, category, parent) VALUES ('db401fc1-ef12-4854-be00-c7313331e0ff', '{"name": "Indoor", "filters": [{"condition":["New","Used - Like New","Used - Good","Used - Fair"]}]}', '76f5620c-7300-4cb6-824d-78d88af8aa62');
INSERT INTO categories (id, category, parent) VALUES ('368fb903-c3bc-4d8e-a9c2-a80be7c32ffe', '{"name": "Outdoor", "filters": [{"condition":["New","Used - Like New","Used - Good","Used - Fair"]}]}', '76f5620c-7300-4cb6-824d-78d88af8aa62');
INSERT INTO listings (id, listing, member, category) VALUES ('2c22fc4f-0757-4272-9206-9027f77a5e82', '{"description":"this is Vehicles 0","price":"$2586","title":"Vehicles 0","location":"Long Beach. CA","images":["https://assets-global.website-files.com/6047b5ff5b990938b601662f/60a520695b360d1ac382fbcc_cu-2-p-1080.jpeg"],"condition":"Used - Fair","subcategory":"995933b9-644a-4fe1-b6bb-eedc9c94976c","make":"Acura","color":"Green","body":"Truck","date":"2021-12-02T04:37:15.289Z"}', 'a829dc0c-0e0b-4514-bf8f-47ef5864a0e0', 'c7c385c1-d889-40e4-bd5c-a5d2806700b5');
INSERT INTO listings (id, listing, member, category) VALUES ('c85312c9-e373-467f-bd20-de11db0d8c02', '{"description":"this is Vehicles 1","price":"$8445","title":"Vehicles 1","location":"Long Beach. CA","images":["https://assets-global.website-files.com/6047b5ff5b990938b601662f/60a520695b360d1ac382fbcc_cu-2-p-1080.jpeg"],"condition":"Used - Good","subcategory":"c5f2f682-79c1-4c12-98e4-7db79f0df9ca","make":"BMW","color":"Brown","body":"Truck","date":"2021-12-02T04:37:15.290Z"}', 'fbec17cc-9d39-4bff-be43-afc60e5f80db', 'c7c385c1-d889-40e4-bd5c-a5d2806700b5');
INSERT INTO listings (id, listing, member, category) VALUES ('f60fdbd8-55b6-4270-9209-0d34b39b10aa', '{"description":"this is Vehicles 2","price":"$1854","title":"Vehicles 2","location":"Long Beach. CA","images":["https://assets-global.website-files.com/6047b5ff5b990938b601662f/60a520695b360d1ac382fbcc_cu-2-p-1080.jpeg"],"condition":"Used - Fair","subcategory":"c5f2f682-79c1-4c12-98e4-7db79f0df9ca","make":"Acura","color":"Red","body":"SUV","date":"2021-12-02T04:37:15.290Z"}', 'fbec17cc-9d39-4bff-be43-afc60e5f80db', 'c7c385c1-d889-40e4-bd5c-a5d2806700b5');
INSERT INTO listings (id, listing, member, category) VALUES ('e715a8d1-bb87-43a4-ab33-542363a10d48', '{"description":"this is Vehicles 3","price":"$267","title":"Vehicles 3","location":"Santa Cruz, CA","images":["https://assets-global.website-files.com/6047b5ff5b990938b601662f/60a520695b360d1ac382fbcc_cu-2-p-1080.jpeg"],"condition":"New","subcategory":"995933b9-644a-4fe1-b6bb-eedc9c94976c","make":"BMW","color":"Brown","body":"SUV","date":"2021-12-02T04:37:15.290Z"}', 'a829dc0c-0e0b-4514-bf8f-47ef5864a0e0', 'c7c385c1-d889-40e4-bd5c-a5d2806700b5');
INSERT INTO listings (id, listing, member, category) VALUES ('a0296da9-6bd5-4b6c-9147-9e16a1a36de9', '{"description":"this is Vehicles 4","price":"$9354","title":"Vehicles 4","location":"Boise, ID","images":["https://assets-global.website-files.com/6047b5ff5b990938b601662f/60a520695b360d1ac382fbcc_cu-2-p-1080.jpeg"],"condition":"New","subcategory":"995933b9-644a-4fe1-b6bb-eedc9c94976c","make":"BMW","color":"Brown","body":"Sedan","date":"2021-12-02T04:37:15.290Z"}', 'a829dc0c-0e0b-4514-bf8f-47ef5864a0e0', 'c7c385c1-d889-40e4-bd5c-a5d2806700b5');
INSERT INTO listings (id, listing, member, category) VALUES ('55447f74-6c50-4761-9c13-611deb8b8b78', '{"description":"this is Cars 0","price":"$2818","title":"Cars 0","location":"Wichita, KA","images":["https://assets-global.website-files.com/6047b5ff5b990938b601662f/60a520695b360d1ac382fbcc_cu-2-p-1080.jpeg"],"condition":"Used - Fair","subcategory":"995933b9-644a-4fe1-b6bb-eedc9c94976c","date":"2021-12-02T04:37:15.290Z"}', 'fbec17cc-9d39-4bff-be43-afc60e5f80db', 'c7c385c1-d889-40e4-bd5c-a5d2806700b5');
INSERT INTO listings (id, listing, member, category) VALUES ('bf41566f-247b-4f69-8ffb-08701bdcfa46', '{"description":"this is Cars 1","price":"$1659","title":"Cars 1","location":"Arlington, TX","images":["https://assets-global.website-files.com/6047b5ff5b990938b601662f/60a520695b360d1ac382fbcc_cu-2-p-1080.jpeg"],"condition":"Used - Fair","subcategory":"995933b9-644a-4fe1-b6bb-eedc9c94976c","date":"2021-12-02T04:37:15.290Z"}', 'a829dc0c-0e0b-4514-bf8f-47ef5864a0e0', 'c7c385c1-d889-40e4-bd5c-a5d2806700b5');
INSERT INTO listings (id, listing, member, category) VALUES ('72015654-7502-4e0c-9c48-c4f265ac6a78', '{"description":"this is Cars 2","price":"$2855","title":"Cars 2","location":"Arlington, TX","images":["https://assets-global.website-files.com/6047b5ff5b990938b601662f/60a520695b360d1ac382fbcc_cu-2-p-1080.jpeg"],"condition":"Used - Fair","subcategory":"995933b9-644a-4fe1-b6bb-eedc9c94976c","date":"2021-12-02T04:37:15.290Z"}', 'fbec17cc-9d39-4bff-be43-afc60e5f80db', 'c7c385c1-d889-40e4-bd5c-a5d2806700b5');
INSERT INTO listings (id, listing, member, category) VALUES ('945906ba-8705-4644-ae3e-b6c7189b9bbd', '{"description":"this is Cars 3","price":"$948","title":"Cars 3","location":"Long Beach. CA","images":["https://assets-global.website-files.com/6047b5ff5b990938b601662f/60a520695b360d1ac382fbcc_cu-2-p-1080.jpeg"],"condition":"Used - Fair","subcategory":"995933b9-644a-4fe1-b6bb-eedc9c94976c","date":"2021-12-02T04:37:15.291Z"}', 'a829dc0c-0e0b-4514-bf8f-47ef5864a0e0', 'c7c385c1-d889-40e4-bd5c-a5d2806700b5');
INSERT INTO listings (id, listing, member, category) VALUES ('cc5b3a21-7998-488e-b4ff-e87c4d3ec6e8', '{"description":"this is Cars 4","price":"$5226","title":"Cars 4","location":"Boise, ID","images":["https://assets-global.website-files.com/6047b5ff5b990938b601662f/60a520695b360d1ac382fbcc_cu-2-p-1080.jpeg"],"condition":"Used - Fair","subcategory":"995933b9-644a-4fe1-b6bb-eedc9c94976c","date":"2021-12-02T04:37:15.291Z"}', 'a829dc0c-0e0b-4514-bf8f-47ef5864a0e0', 'c7c385c1-d889-40e4-bd5c-a5d2806700b5');
INSERT INTO listings (id, listing, member, category) VALUES ('a1e826b5-badb-474c-9e40-ff0eb7fb51f4', '{"description":"this is Motorcycles 0","price":"$7076","title":"Motorcycles 0","location":"Wichita, KA","images":["https://assets-global.website-files.com/6047b5ff5b990938b601662f/60a520695b360d1ac382fbcc_cu-2-p-1080.jpeg"],"condition":"New","subcategory":"c5f2f682-79c1-4c12-98e4-7db79f0df9ca","date":"2021-12-02T04:37:15.291Z"}', 'fbec17cc-9d39-4bff-be43-afc60e5f80db', 'c7c385c1-d889-40e4-bd5c-a5d2806700b5');
INSERT INTO listings (id, listing, member, category) VALUES ('3d51104c-b014-4379-804d-e2ffd9788899', '{"description":"this is Motorcycles 1","price":"$7680","title":"Motorcycles 1","location":"Wichita, KA","images":["https://assets-global.website-files.com/6047b5ff5b990938b601662f/60a520695b360d1ac382fbcc_cu-2-p-1080.jpeg"],"condition":"Used - Good","subcategory":"c5f2f682-79c1-4c12-98e4-7db79f0df9ca","date":"2021-12-02T04:37:15.291Z"}', 'a829dc0c-0e0b-4514-bf8f-47ef5864a0e0', 'c7c385c1-d889-40e4-bd5c-a5d2806700b5');
INSERT INTO listings (id, listing, member, category) VALUES ('aa166acc-790c-4fd3-b226-32e8df4d6bdf', '{"description":"this is Motorcycles 2","price":"$1976","title":"Motorcycles 2","location":"Arlington, TX","images":["https://assets-global.website-files.com/6047b5ff5b990938b601662f/60a520695b360d1ac382fbcc_cu-2-p-1080.jpeg"],"condition":"Used - Good","subcategory":"c5f2f682-79c1-4c12-98e4-7db79f0df9ca","date":"2021-12-02T04:37:15.291Z"}', 'fbec17cc-9d39-4bff-be43-afc60e5f80db', 'c7c385c1-d889-40e4-bd5c-a5d2806700b5');
INSERT INTO listings (id, listing, member, category) VALUES ('868d02be-d49e-499d-bcfc-2794a09010c4', '{"description":"this is Motorcycles 3","price":"$7054","title":"Motorcycles 3","location":"Boise, ID","images":["https://assets-global.website-files.com/6047b5ff5b990938b601662f/60a520695b360d1ac382fbcc_cu-2-p-1080.jpeg"],"condition":"New","subcategory":"c5f2f682-79c1-4c12-98e4-7db79f0df9ca","date":"2021-12-02T04:37:15.291Z"}', 'fbec17cc-9d39-4bff-be43-afc60e5f80db', 'c7c385c1-d889-40e4-bd5c-a5d2806700b5');
INSERT INTO listings (id, listing, member, category) VALUES ('c8018b8f-4d1c-4039-877d-9b7d63377ff4', '{"description":"this is Motorcycles 4","price":"$5274","title":"Motorcycles 4","location":"Long Beach. CA","images":["https://assets-global.website-files.com/6047b5ff5b990938b601662f/60a520695b360d1ac382fbcc_cu-2-p-1080.jpeg"],"condition":"Used - Like New","subcategory":"c5f2f682-79c1-4c12-98e4-7db79f0df9ca","date":"2021-12-02T04:37:15.291Z"}', 'fbec17cc-9d39-4bff-be43-afc60e5f80db', 'c7c385c1-d889-40e4-bd5c-a5d2806700b5');
INSERT INTO listings (id, listing, member, category) VALUES ('9b265a60-95df-41e8-99c1-a7630f661bc7', '{"description":"this is Rentals 0","price":"$4906","title":"Rentals 0","location":"Arlington, TX","images":["https://assets-global.website-files.com/6047b5ff5b990938b601662f/60a520695b360d1ac382fbcc_cu-2-p-1080.jpeg"],"condition":"Used - Like New","bedrooms":"3","bathrooms":"1","date":"2021-12-02T04:37:15.291Z"}', 'a829dc0c-0e0b-4514-bf8f-47ef5864a0e0', '86031435-3552-40f9-baad-addadd6528cf');
INSERT INTO listings (id, listing, member, category) VALUES ('a319bef0-4da0-45ef-bb1d-45bcfc19d046', '{"description":"this is Rentals 1","price":"$987","title":"Rentals 1","location":"Boise, ID","images":["https://assets-global.website-files.com/6047b5ff5b990938b601662f/60a520695b360d1ac382fbcc_cu-2-p-1080.jpeg"],"condition":"Used - Fair","bedrooms":"4","bathrooms":"3","date":"2021-12-02T04:37:15.291Z"}', 'fbec17cc-9d39-4bff-be43-afc60e5f80db', '86031435-3552-40f9-baad-addadd6528cf');
INSERT INTO listings (id, listing, member, category) VALUES ('22285252-3f07-4459-a947-6fb51b9cae8f', '{"description":"this is Rentals 2","price":"$8351","title":"Rentals 2","location":"Santa Cruz, CA","images":["https://assets-global.website-files.com/6047b5ff5b990938b601662f/60a520695b360d1ac382fbcc_cu-2-p-1080.jpeg"],"condition":"New","bedrooms":"3","bathrooms":"3","date":"2021-12-02T04:37:15.291Z"}', 'a829dc0c-0e0b-4514-bf8f-47ef5864a0e0', '86031435-3552-40f9-baad-addadd6528cf');
INSERT INTO listings (id, listing, member, category) VALUES ('ea6acdde-0da2-4e5b-bba0-57cc3bd5b5b5', '{"description":"this is Rentals 3","price":"$5605","title":"Rentals 3","location":"Long Beach. CA","images":["https://assets-global.website-files.com/6047b5ff5b990938b601662f/60a520695b360d1ac382fbcc_cu-2-p-1080.jpeg"],"condition":"Used - Good","bedrooms":"2","bathrooms":"2","date":"2021-12-02T04:37:15.291Z"}', 'fbec17cc-9d39-4bff-be43-afc60e5f80db', '86031435-3552-40f9-baad-addadd6528cf');
INSERT INTO listings (id, listing, member, category) VALUES ('41d2dca3-3e59-4c42-bcb4-7f31ab6d00ac', '{"description":"this is Rentals 4","price":"$7048","title":"Rentals 4","location":"Long Beach. CA","images":["https://assets-global.website-files.com/6047b5ff5b990938b601662f/60a520695b360d1ac382fbcc_cu-2-p-1080.jpeg"],"condition":"Used - Good","bedrooms":"4","bathrooms":"2","date":"2021-12-02T04:37:15.291Z"}', 'a829dc0c-0e0b-4514-bf8f-47ef5864a0e0', '86031435-3552-40f9-baad-addadd6528cf');
INSERT INTO listings (id, listing, member, category) VALUES ('ea3e3ebd-28d5-4cf3-a08b-1ea4cfa2a207', '{"description":"this is Apparel 0","price":"$5848","title":"Apparel 0","location":"Boise, ID","images":["https://assets-global.website-files.com/6047b5ff5b990938b601662f/60a520695b360d1ac382fbcc_cu-2-p-1080.jpeg"],"condition":"Used - Like New","subcategory":"df17d86e-2be5-4696-9121-81bb4b3d156c","color":"Black","date":"2021-12-02T04:37:15.291Z"}', 'fbec17cc-9d39-4bff-be43-afc60e5f80db', 'f991d7c7-9db1-409f-a052-fac469e612ab');
INSERT INTO listings (id, listing, member, category) VALUES ('01697f01-3979-4593-a354-ad9d4eff4c0a', '{"description":"this is Apparel 1","price":"$3548","title":"Apparel 1","location":"Long Beach. CA","images":["https://assets-global.website-files.com/6047b5ff5b990938b601662f/60a520695b360d1ac382fbcc_cu-2-p-1080.jpeg"],"condition":"New","subcategory":"2c99fcd4-9862-4de9-95af-bd4f8a60c0bb","color":"White","date":"2021-12-02T04:37:15.291Z"}', 'a829dc0c-0e0b-4514-bf8f-47ef5864a0e0', 'f991d7c7-9db1-409f-a052-fac469e612ab');
INSERT INTO listings (id, listing, member, category) VALUES ('c84fcfb5-9284-46a9-81ec-74b5d0e37106', '{"description":"this is Apparel 2","price":"$6767","title":"Apparel 2","location":"Arlington, TX","images":["https://assets-global.website-files.com/6047b5ff5b990938b601662f/60a520695b360d1ac382fbcc_cu-2-p-1080.jpeg"],"condition":"New","subcategory":"df17d86e-2be5-4696-9121-81bb4b3d156c","color":"Pink","date":"2021-12-02T04:37:15.291Z"}', 'a829dc0c-0e0b-4514-bf8f-47ef5864a0e0', 'f991d7c7-9db1-409f-a052-fac469e612ab');
INSERT INTO listings (id, listing, member, category) VALUES ('478da605-dcda-4827-9c13-7638f96480d9', '{"description":"this is Apparel 3","price":"$5180","title":"Apparel 3","location":"Long Beach. CA","images":["https://assets-global.website-files.com/6047b5ff5b990938b601662f/60a520695b360d1ac382fbcc_cu-2-p-1080.jpeg"],"condition":"Used - Good","subcategory":"2c99fcd4-9862-4de9-95af-bd4f8a60c0bb","color":"Red","date":"2021-12-02T04:37:15.291Z"}', 'a829dc0c-0e0b-4514-bf8f-47ef5864a0e0', 'f991d7c7-9db1-409f-a052-fac469e612ab');
INSERT INTO listings (id, listing, member, category) VALUES ('13bf3c59-caa4-45b1-81a4-fc886de6659a', '{"description":"this is Apparel 4","price":"$5228","title":"Apparel 4","location":"Arlington, TX","images":["https://assets-global.website-files.com/6047b5ff5b990938b601662f/60a520695b360d1ac382fbcc_cu-2-p-1080.jpeg"],"condition":"Used - Fair","subcategory":"2c99fcd4-9862-4de9-95af-bd4f8a60c0bb","color":"Black","date":"2021-12-02T04:37:15.291Z"}', 'fbec17cc-9d39-4bff-be43-afc60e5f80db', 'f991d7c7-9db1-409f-a052-fac469e612ab');
INSERT INTO listings (id, listing, member, category) VALUES ('78a99010-4d95-4ed0-a3a7-a662deb9cf6a', '{"description":"this is Womens 0","price":"$4291","title":"Womens 0","location":"Santa Cruz, CA","images":["https://assets-global.website-files.com/6047b5ff5b990938b601662f/60a520695b360d1ac382fbcc_cu-2-p-1080.jpeg"],"condition":"Used - Good","subcategory":"2c99fcd4-9862-4de9-95af-bd4f8a60c0bb","color":"Green","date":"2021-12-02T04:37:15.292Z"}', 'a829dc0c-0e0b-4514-bf8f-47ef5864a0e0', 'f991d7c7-9db1-409f-a052-fac469e612ab');
INSERT INTO listings (id, listing, member, category) VALUES ('0d6aa348-f7dc-4a81-88e8-c1a16e7442da', '{"description":"this is Womens 1","price":"$4772","title":"Womens 1","location":"Long Beach. CA","images":["https://assets-global.website-files.com/6047b5ff5b990938b601662f/60a520695b360d1ac382fbcc_cu-2-p-1080.jpeg"],"condition":"Used - Like New","subcategory":"2c99fcd4-9862-4de9-95af-bd4f8a60c0bb","color":"Brown","date":"2021-12-02T04:37:15.292Z"}', 'a829dc0c-0e0b-4514-bf8f-47ef5864a0e0', 'f991d7c7-9db1-409f-a052-fac469e612ab');
INSERT INTO listings (id, listing, member, category) VALUES ('8d875781-93cb-4ec1-ae25-6a2bc4410464', '{"description":"this is Womens 2","price":"$5089","title":"Womens 2","location":"Wichita, KA","images":["https://assets-global.website-files.com/6047b5ff5b990938b601662f/60a520695b360d1ac382fbcc_cu-2-p-1080.jpeg"],"condition":"Used - Fair","subcategory":"2c99fcd4-9862-4de9-95af-bd4f8a60c0bb","color":"Green","date":"2021-12-02T04:37:15.292Z"}', 'fbec17cc-9d39-4bff-be43-afc60e5f80db', 'f991d7c7-9db1-409f-a052-fac469e612ab');
INSERT INTO listings (id, listing, member, category) VALUES ('9af35530-ad06-49c9-949f-f2c438e16b76', '{"description":"this is Womens 3","price":"$3487","title":"Womens 3","location":"Long Beach. CA","images":["https://assets-global.website-files.com/6047b5ff5b990938b601662f/60a520695b360d1ac382fbcc_cu-2-p-1080.jpeg"],"condition":"Used - Good","subcategory":"2c99fcd4-9862-4de9-95af-bd4f8a60c0bb","color":"Red","date":"2021-12-02T04:37:15.292Z"}', 'fbec17cc-9d39-4bff-be43-afc60e5f80db', 'f991d7c7-9db1-409f-a052-fac469e612ab');
INSERT INTO listings (id, listing, member, category) VALUES ('723f116a-6e4b-4466-93b1-a40c11cd65f0', '{"description":"this is Womens 4","price":"$9165","title":"Womens 4","location":"Wichita, KA","images":["https://assets-global.website-files.com/6047b5ff5b990938b601662f/60a520695b360d1ac382fbcc_cu-2-p-1080.jpeg"],"condition":"Used - Fair","subcategory":"2c99fcd4-9862-4de9-95af-bd4f8a60c0bb","color":"White","date":"2021-12-02T04:37:15.292Z"}', 'a829dc0c-0e0b-4514-bf8f-47ef5864a0e0', 'f991d7c7-9db1-409f-a052-fac469e612ab');
INSERT INTO listings (id, listing, member, category) VALUES ('5119bd3d-222f-4faa-b829-18b0d8352120', '{"description":"this is Mens 0","price":"$8983","title":"Mens 0","location":"Santa Cruz, CA","images":["https://assets-global.website-files.com/6047b5ff5b990938b601662f/60a520695b360d1ac382fbcc_cu-2-p-1080.jpeg"],"condition":"New","subcategory":"df17d86e-2be5-4696-9121-81bb4b3d156c","date":"2021-12-02T04:37:15.292Z"}', 'a829dc0c-0e0b-4514-bf8f-47ef5864a0e0', 'f991d7c7-9db1-409f-a052-fac469e612ab');
INSERT INTO listings (id, listing, member, category) VALUES ('131f25a8-151f-4e82-b42a-15668a9fa6e4', '{"description":"this is Mens 1","price":"$9190","title":"Mens 1","location":"Long Beach. CA","images":["https://assets-global.website-files.com/6047b5ff5b990938b601662f/60a520695b360d1ac382fbcc_cu-2-p-1080.jpeg"],"condition":"Used - Like New","subcategory":"df17d86e-2be5-4696-9121-81bb4b3d156c","date":"2021-12-02T04:37:15.292Z"}', 'a829dc0c-0e0b-4514-bf8f-47ef5864a0e0', 'f991d7c7-9db1-409f-a052-fac469e612ab');
INSERT INTO listings (id, listing, member, category) VALUES ('c397f90c-cae6-4245-a583-fe1e9fa56ec0', '{"description":"this is Mens 2","price":"$3890","title":"Mens 2","location":"Santa Cruz, CA","images":["https://assets-global.website-files.com/6047b5ff5b990938b601662f/60a520695b360d1ac382fbcc_cu-2-p-1080.jpeg"],"condition":"New","subcategory":"df17d86e-2be5-4696-9121-81bb4b3d156c","date":"2021-12-02T04:37:15.292Z"}', 'fbec17cc-9d39-4bff-be43-afc60e5f80db', 'f991d7c7-9db1-409f-a052-fac469e612ab');
INSERT INTO listings (id, listing, member, category) VALUES ('b0bc901d-7ef2-4c37-ab47-3949cb8377d5', '{"description":"this is Mens 3","price":"$3050","title":"Mens 3","location":"Wichita, KA","images":["https://assets-global.website-files.com/6047b5ff5b990938b601662f/60a520695b360d1ac382fbcc_cu-2-p-1080.jpeg"],"condition":"Used - Fair","subcategory":"df17d86e-2be5-4696-9121-81bb4b3d156c","date":"2021-12-02T04:37:15.292Z"}', 'fbec17cc-9d39-4bff-be43-afc60e5f80db', 'f991d7c7-9db1-409f-a052-fac469e612ab');
INSERT INTO listings (id, listing, member, category) VALUES ('8befdf76-8153-4ee8-b777-38fb06df2b3c', '{"description":"this is Mens 4","price":"$8555","title":"Mens 4","location":"Arlington, TX","images":["https://assets-global.website-files.com/6047b5ff5b990938b601662f/60a520695b360d1ac382fbcc_cu-2-p-1080.jpeg"],"condition":"Used - Fair","subcategory":"df17d86e-2be5-4696-9121-81bb4b3d156c","date":"2021-12-02T04:37:15.292Z"}', 'a829dc0c-0e0b-4514-bf8f-47ef5864a0e0', 'f991d7c7-9db1-409f-a052-fac469e612ab');
INSERT INTO listings (id, listing, member, category) VALUES ('e617ef7e-4089-42f2-94d7-6d1342fde1dd', '{"description":"this is Shoes 0","price":"$3273","title":"Shoes 0","location":"Wichita, KA","images":["https://assets-global.website-files.com/6047b5ff5b990938b601662f/60a520695b360d1ac382fbcc_cu-2-p-1080.jpeg"],"condition":"Used - Fair","subcategory":"9c2fac83-0a7f-4e21-a1e2-e9be1f6675c6","gender":"Women","date":"2021-12-02T04:37:15.292Z"}', 'a829dc0c-0e0b-4514-bf8f-47ef5864a0e0', 'f991d7c7-9db1-409f-a052-fac469e612ab');
INSERT INTO listings (id, listing, member, category) VALUES ('585ec20c-95ac-40a6-9c11-e4b3e4085ba0', '{"description":"this is Shoes 1","price":"$4250","title":"Shoes 1","location":"Arlington, TX","images":["https://assets-global.website-files.com/6047b5ff5b990938b601662f/60a520695b360d1ac382fbcc_cu-2-p-1080.jpeg"],"condition":"Used - Like New","subcategory":"9c2fac83-0a7f-4e21-a1e2-e9be1f6675c6","gender":"Mens","date":"2021-12-02T04:37:15.292Z"}', 'a829dc0c-0e0b-4514-bf8f-47ef5864a0e0', 'f991d7c7-9db1-409f-a052-fac469e612ab');
INSERT INTO listings (id, listing, member, category) VALUES ('e2d48ede-058e-4002-a647-ed2779ae06b4', '{"description":"this is Shoes 2","price":"$233","title":"Shoes 2","location":"Boise, ID","images":["https://assets-global.website-files.com/6047b5ff5b990938b601662f/60a520695b360d1ac382fbcc_cu-2-p-1080.jpeg"],"condition":"Used - Fair","subcategory":"9c2fac83-0a7f-4e21-a1e2-e9be1f6675c6","gender":"Mens","date":"2021-12-02T04:37:15.292Z"}', 'fbec17cc-9d39-4bff-be43-afc60e5f80db', 'f991d7c7-9db1-409f-a052-fac469e612ab');
INSERT INTO listings (id, listing, member, category) VALUES ('c0b3d4ec-440a-4e34-8ee7-8a2bc49a65a6', '{"description":"this is Shoes 3","price":"$8821","title":"Shoes 3","location":"Boise, ID","images":["https://assets-global.website-files.com/6047b5ff5b990938b601662f/60a520695b360d1ac382fbcc_cu-2-p-1080.jpeg"],"condition":"Used - Like New","subcategory":"9c2fac83-0a7f-4e21-a1e2-e9be1f6675c6","gender":"Mens","date":"2021-12-02T04:37:15.292Z"}', 'fbec17cc-9d39-4bff-be43-afc60e5f80db', 'f991d7c7-9db1-409f-a052-fac469e612ab');
INSERT INTO listings (id, listing, member, category) VALUES ('ea3887d8-bdfb-44f8-ab26-8f371aece152', '{"description":"this is Shoes 4","price":"$2441","title":"Shoes 4","location":"Santa Cruz, CA","images":["https://assets-global.website-files.com/6047b5ff5b990938b601662f/60a520695b360d1ac382fbcc_cu-2-p-1080.jpeg"],"condition":"Used - Good","subcategory":"9c2fac83-0a7f-4e21-a1e2-e9be1f6675c6","gender":"Mens","date":"2021-12-02T04:37:15.292Z"}', 'fbec17cc-9d39-4bff-be43-afc60e5f80db', 'f991d7c7-9db1-409f-a052-fac469e612ab');
INSERT INTO listings (id, listing, member, category) VALUES ('86e25272-24c8-40d2-ae7b-90b317d22a38', '{"description":"this is Electronics 0","price":"$6","title":"Electronics 0","location":"Long Beach. CA","images":["https://assets-global.website-files.com/6047b5ff5b990938b601662f/60a520695b360d1ac382fbcc_cu-2-p-1080.jpeg"],"condition":"New","subcategory":"6ca5eb20-6c53-47ea-b632-0f480d78a764","brand":"Nintendo","date":"2021-12-02T04:37:15.292Z"}', 'fbec17cc-9d39-4bff-be43-afc60e5f80db', '68bde46f-57fc-41b0-937f-bf7e9300dc58');
INSERT INTO listings (id, listing, member, category) VALUES ('4941e4e9-e75c-47fe-90b6-da765a020f95', '{"description":"this is Electronics 1","price":"$4462","title":"Electronics 1","location":"Boise, ID","images":["https://assets-global.website-files.com/6047b5ff5b990938b601662f/60a520695b360d1ac382fbcc_cu-2-p-1080.jpeg"],"condition":"Used - Like New","subcategory":"6ca5eb20-6c53-47ea-b632-0f480d78a764","brand":"Canon","date":"2021-12-02T04:37:15.292Z"}', 'a829dc0c-0e0b-4514-bf8f-47ef5864a0e0', '68bde46f-57fc-41b0-937f-bf7e9300dc58');
INSERT INTO listings (id, listing, member, category) VALUES ('411485fe-9501-4b86-8c83-5ceaffe9cb27', '{"description":"this is Electronics 2","price":"$7144","title":"Electronics 2","location":"Wichita, KA","images":["https://assets-global.website-files.com/6047b5ff5b990938b601662f/60a520695b360d1ac382fbcc_cu-2-p-1080.jpeg"],"condition":"Used - Like New","subcategory":"a5931b2f-759e-4359-90f4-8f6f44d35a6d","brand":"Nintendo","date":"2021-12-02T04:37:15.292Z"}', 'a829dc0c-0e0b-4514-bf8f-47ef5864a0e0', '68bde46f-57fc-41b0-937f-bf7e9300dc58');
INSERT INTO listings (id, listing, member, category) VALUES ('c285c8be-3aaa-4ab6-960a-ac9326fb7b8e', '{"description":"this is Electronics 3","price":"$689","title":"Electronics 3","location":"Long Beach. CA","images":["https://assets-global.website-files.com/6047b5ff5b990938b601662f/60a520695b360d1ac382fbcc_cu-2-p-1080.jpeg"],"condition":"Used - Like New","subcategory":"6ca5eb20-6c53-47ea-b632-0f480d78a764","brand":"Apple","date":"2021-12-02T04:37:15.293Z"}', 'a829dc0c-0e0b-4514-bf8f-47ef5864a0e0', '68bde46f-57fc-41b0-937f-bf7e9300dc58');
INSERT INTO listings (id, listing, member, category) VALUES ('6426646b-58f6-4711-8b54-cd547df29d5b', '{"description":"this is Electronics 4","price":"$8532","title":"Electronics 4","location":"Santa Cruz, CA","images":["https://assets-global.website-files.com/6047b5ff5b990938b601662f/60a520695b360d1ac382fbcc_cu-2-p-1080.jpeg"],"condition":"New","subcategory":"a5931b2f-759e-4359-90f4-8f6f44d35a6d","brand":"Apple","date":"2021-12-02T04:37:15.293Z"}', 'fbec17cc-9d39-4bff-be43-afc60e5f80db', '68bde46f-57fc-41b0-937f-bf7e9300dc58');
INSERT INTO listings (id, listing, member, category) VALUES ('6af650b7-ac26-46c0-a0e7-296bc105b35a', '{"description":"this is Cameras 0","price":"$3791","title":"Cameras 0","location":"Santa Cruz, CA","images":["https://assets-global.website-files.com/6047b5ff5b990938b601662f/60a520695b360d1ac382fbcc_cu-2-p-1080.jpeg"],"condition":"Used - Like New","subcategory":"6ca5eb20-6c53-47ea-b632-0f480d78a764","brand":"Polaroid","date":"2021-12-02T04:37:15.293Z"}', 'a829dc0c-0e0b-4514-bf8f-47ef5864a0e0', '68bde46f-57fc-41b0-937f-bf7e9300dc58');
INSERT INTO listings (id, listing, member, category) VALUES ('5943664b-f446-4e58-8c9b-7444d4924258', '{"description":"this is Cameras 1","price":"$2714","title":"Cameras 1","location":"Arlington, TX","images":["https://assets-global.website-files.com/6047b5ff5b990938b601662f/60a520695b360d1ac382fbcc_cu-2-p-1080.jpeg"],"condition":"Used - Good","subcategory":"6ca5eb20-6c53-47ea-b632-0f480d78a764","brand":"Nikon","date":"2021-12-02T04:37:15.293Z"}', 'a829dc0c-0e0b-4514-bf8f-47ef5864a0e0', '68bde46f-57fc-41b0-937f-bf7e9300dc58');
INSERT INTO listings (id, listing, member, category) VALUES ('9feaed8b-f2b5-4bc3-a417-608945314792', '{"description":"this is Cameras 2","price":"$4485","title":"Cameras 2","location":"Boise, ID","images":["https://assets-global.website-files.com/6047b5ff5b990938b601662f/60a520695b360d1ac382fbcc_cu-2-p-1080.jpeg"],"condition":"Used - Good","subcategory":"6ca5eb20-6c53-47ea-b632-0f480d78a764","brand":"Canon","date":"2021-12-02T04:37:15.293Z"}', 'a829dc0c-0e0b-4514-bf8f-47ef5864a0e0', '68bde46f-57fc-41b0-937f-bf7e9300dc58');
INSERT INTO listings (id, listing, member, category) VALUES ('faf6a0ac-93dd-4c81-95fa-824b6667e6c0', '{"description":"this is Cameras 3","price":"$6520","title":"Cameras 3","location":"Long Beach. CA","images":["https://assets-global.website-files.com/6047b5ff5b990938b601662f/60a520695b360d1ac382fbcc_cu-2-p-1080.jpeg"],"condition":"Used - Fair","subcategory":"6ca5eb20-6c53-47ea-b632-0f480d78a764","brand":"Polaroid","date":"2021-12-02T04:37:15.293Z"}', 'fbec17cc-9d39-4bff-be43-afc60e5f80db', '68bde46f-57fc-41b0-937f-bf7e9300dc58');
INSERT INTO listings (id, listing, member, category) VALUES ('55a5c51a-63b4-4a00-ac0a-9e036a79334d', '{"description":"this is Cameras 4","price":"$5490","title":"Cameras 4","location":"Santa Cruz, CA","images":["https://assets-global.website-files.com/6047b5ff5b990938b601662f/60a520695b360d1ac382fbcc_cu-2-p-1080.jpeg"],"condition":"Used - Like New","subcategory":"6ca5eb20-6c53-47ea-b632-0f480d78a764","brand":"GoPro","date":"2021-12-02T04:37:15.293Z"}', 'a829dc0c-0e0b-4514-bf8f-47ef5864a0e0', '68bde46f-57fc-41b0-937f-bf7e9300dc58');
INSERT INTO listings (id, listing, member, category) VALUES ('ba51f809-16aa-4d4e-b820-5a8b7b47fdaa', '{"description":"this is Computers 0","price":"$9614","title":"Computers 0","location":"Long Beach. CA","images":["https://assets-global.website-files.com/6047b5ff5b990938b601662f/60a520695b360d1ac382fbcc_cu-2-p-1080.jpeg"],"condition":"New","subcategory":"a5931b2f-759e-4359-90f4-8f6f44d35a6d","date":"2021-12-02T04:37:15.293Z"}', 'a829dc0c-0e0b-4514-bf8f-47ef5864a0e0', '68bde46f-57fc-41b0-937f-bf7e9300dc58');
INSERT INTO listings (id, listing, member, category) VALUES ('d66f14d1-4d53-4982-8c92-c86f4655f7bf', '{"description":"this is Computers 1","price":"$2205","title":"Computers 1","location":"Wichita, KA","images":["https://assets-global.website-files.com/6047b5ff5b990938b601662f/60a520695b360d1ac382fbcc_cu-2-p-1080.jpeg"],"condition":"Used - Fair","subcategory":"a5931b2f-759e-4359-90f4-8f6f44d35a6d","date":"2021-12-02T04:37:15.293Z"}', 'a829dc0c-0e0b-4514-bf8f-47ef5864a0e0', '68bde46f-57fc-41b0-937f-bf7e9300dc58');
INSERT INTO listings (id, listing, member, category) VALUES ('84254309-3549-4853-a0f2-092deca44eea', '{"description":"this is Computers 2","price":"$4222","title":"Computers 2","location":"Arlington, TX","images":["https://assets-global.website-files.com/6047b5ff5b990938b601662f/60a520695b360d1ac382fbcc_cu-2-p-1080.jpeg"],"condition":"New","subcategory":"a5931b2f-759e-4359-90f4-8f6f44d35a6d","date":"2021-12-02T04:37:15.294Z"}', 'a829dc0c-0e0b-4514-bf8f-47ef5864a0e0', '68bde46f-57fc-41b0-937f-bf7e9300dc58');
INSERT INTO listings (id, listing, member, category) VALUES ('31992271-ab63-45ae-923b-cc9f56976fa9', '{"description":"this is Computers 3","price":"$5894","title":"Computers 3","location":"Wichita, KA","images":["https://assets-global.website-files.com/6047b5ff5b990938b601662f/60a520695b360d1ac382fbcc_cu-2-p-1080.jpeg"],"condition":"Used - Fair","subcategory":"a5931b2f-759e-4359-90f4-8f6f44d35a6d","date":"2021-12-02T04:37:15.294Z"}', 'a829dc0c-0e0b-4514-bf8f-47ef5864a0e0', '68bde46f-57fc-41b0-937f-bf7e9300dc58');
INSERT INTO listings (id, listing, member, category) VALUES ('608cfc24-6f7e-40f6-89f7-aa507721163e', '{"description":"this is Computers 4","price":"$4297","title":"Computers 4","location":"Wichita, KA","images":["https://assets-global.website-files.com/6047b5ff5b990938b601662f/60a520695b360d1ac382fbcc_cu-2-p-1080.jpeg"],"condition":"Used - Good","subcategory":"a5931b2f-759e-4359-90f4-8f6f44d35a6d","date":"2021-12-02T04:37:15.294Z"}', 'fbec17cc-9d39-4bff-be43-afc60e5f80db', '68bde46f-57fc-41b0-937f-bf7e9300dc58');
INSERT INTO listings (id, listing, member, category) VALUES ('8d34819d-9dd5-4890-b745-fa052723ce85', '{"description":"this is Cell Phones 0","price":"$5717","title":"Cell Phones 0","location":"Long Beach. CA","images":["https://assets-global.website-files.com/6047b5ff5b990938b601662f/60a520695b360d1ac382fbcc_cu-2-p-1080.jpeg"],"condition":"Used - Good","subcategory":"5d5a44c3-3422-4421-91ea-a6612ee01735","network":"Sprint","brand":"Blackberry","date":"2021-12-02T04:37:15.294Z"}', 'fbec17cc-9d39-4bff-be43-afc60e5f80db', '68bde46f-57fc-41b0-937f-bf7e9300dc58');
INSERT INTO listings (id, listing, member, category) VALUES ('0dc3d076-22ae-4f11-b082-f3591f494c4e', '{"description":"this is Cell Phones 1","price":"$597","title":"Cell Phones 1","location":"Wichita, KA","images":["https://assets-global.website-files.com/6047b5ff5b990938b601662f/60a520695b360d1ac382fbcc_cu-2-p-1080.jpeg"],"condition":"New","subcategory":"5d5a44c3-3422-4421-91ea-a6612ee01735","network":"Verizon","brand":"Apple","date":"2021-12-02T04:37:15.294Z"}', 'a829dc0c-0e0b-4514-bf8f-47ef5864a0e0', '68bde46f-57fc-41b0-937f-bf7e9300dc58');
INSERT INTO listings (id, listing, member, category) VALUES ('93f88c87-a7d7-4e6e-827b-b93420eefe9e', '{"description":"this is Cell Phones 2","price":"$9348","title":"Cell Phones 2","location":"Wichita, KA","images":["https://assets-global.website-files.com/6047b5ff5b990938b601662f/60a520695b360d1ac382fbcc_cu-2-p-1080.jpeg"],"condition":"Used - Fair","subcategory":"5d5a44c3-3422-4421-91ea-a6612ee01735","network":"Unlocked","brand":"Huawei","date":"2021-12-02T04:37:15.294Z"}', 'a829dc0c-0e0b-4514-bf8f-47ef5864a0e0', '68bde46f-57fc-41b0-937f-bf7e9300dc58');
INSERT INTO listings (id, listing, member, category) VALUES ('daca1f08-3c89-4998-a797-44c6b988e492', '{"description":"this is Cell Phones 3","price":"$2661","title":"Cell Phones 3","location":"Wichita, KA","images":["https://assets-global.website-files.com/6047b5ff5b990938b601662f/60a520695b360d1ac382fbcc_cu-2-p-1080.jpeg"],"condition":"New","subcategory":"5d5a44c3-3422-4421-91ea-a6612ee01735","network":"Sprint","brand":"LG","date":"2021-12-02T04:37:15.294Z"}', 'a829dc0c-0e0b-4514-bf8f-47ef5864a0e0', '68bde46f-57fc-41b0-937f-bf7e9300dc58');
INSERT INTO listings (id, listing, member, category) VALUES ('078bd9ac-551a-4b59-89aa-279d22953d01', '{"description":"this is Cell Phones 4","price":"$8524","title":"Cell Phones 4","location":"Santa Cruz, CA","images":["https://assets-global.website-files.com/6047b5ff5b990938b601662f/60a520695b360d1ac382fbcc_cu-2-p-1080.jpeg"],"condition":"New","subcategory":"5d5a44c3-3422-4421-91ea-a6612ee01735","network":"T-Mobile","brand":"Apple","date":"2021-12-02T04:37:15.294Z"}', 'fbec17cc-9d39-4bff-be43-afc60e5f80db', '68bde46f-57fc-41b0-937f-bf7e9300dc58');
INSERT INTO listings (id, listing, member, category) VALUES ('0dca629c-4720-4c05-bed2-5e475755f937', '{"description":"this is Video Game Consoles 0","price":"$5021","title":"Video Game Consoles 0","location":"Santa Cruz, CA","images":["https://assets-global.website-files.com/6047b5ff5b990938b601662f/60a520695b360d1ac382fbcc_cu-2-p-1080.jpeg"],"condition":"New","subcategory":"ee110bd2-0bb5-4205-b340-58581da3b074","brand":"Microsoft","Platform":"Play Station","date":"2021-12-02T04:37:15.294Z"}', 'fbec17cc-9d39-4bff-be43-afc60e5f80db', '68bde46f-57fc-41b0-937f-bf7e9300dc58');
INSERT INTO listings (id, listing, member, category) VALUES ('391adbf7-6762-4a25-b208-0ba0e5a7dcbf', '{"description":"this is Video Game Consoles 1","price":"$1682","title":"Video Game Consoles 1","location":"Boise, ID","images":["https://assets-global.website-files.com/6047b5ff5b990938b601662f/60a520695b360d1ac382fbcc_cu-2-p-1080.jpeg"],"condition":"New","subcategory":"ee110bd2-0bb5-4205-b340-58581da3b074","brand":"Microsoft","Platform":"Xbox","date":"2021-12-02T04:37:15.294Z"}', 'a829dc0c-0e0b-4514-bf8f-47ef5864a0e0', '68bde46f-57fc-41b0-937f-bf7e9300dc58');
INSERT INTO listings (id, listing, member, category) VALUES ('4710aa2c-757d-4e07-a4de-5ce7803509e9', '{"description":"this is Video Game Consoles 2","price":"$3293","title":"Video Game Consoles 2","location":"Wichita, KA","images":["https://assets-global.website-files.com/6047b5ff5b990938b601662f/60a520695b360d1ac382fbcc_cu-2-p-1080.jpeg"],"condition":"New","subcategory":"ee110bd2-0bb5-4205-b340-58581da3b074","brand":"Sony","Platform":"Nintendo Wii","date":"2021-12-02T04:37:15.295Z"}', 'a829dc0c-0e0b-4514-bf8f-47ef5864a0e0', '68bde46f-57fc-41b0-937f-bf7e9300dc58');
INSERT INTO listings (id, listing, member, category) VALUES ('9c983eb7-af84-48f7-8e3f-f747e749c41d', '{"description":"this is Video Game Consoles 3","price":"$6304","title":"Video Game Consoles 3","location":"Arlington, TX","images":["https://assets-global.website-files.com/6047b5ff5b990938b601662f/60a520695b360d1ac382fbcc_cu-2-p-1080.jpeg"],"condition":"Used - Like New","subcategory":"ee110bd2-0bb5-4205-b340-58581da3b074","brand":"Sony","Platform":"Play Station","date":"2021-12-02T04:37:15.295Z"}', 'fbec17cc-9d39-4bff-be43-afc60e5f80db', '68bde46f-57fc-41b0-937f-bf7e9300dc58');
INSERT INTO listings (id, listing, member, category) VALUES ('d0542017-0155-440c-9625-d81161fc6d93', '{"description":"this is Video Game Consoles 4","price":"$3599","title":"Video Game Consoles 4","location":"Wichita, KA","images":["https://assets-global.website-files.com/6047b5ff5b990938b601662f/60a520695b360d1ac382fbcc_cu-2-p-1080.jpeg"],"condition":"Used - Good","subcategory":"ee110bd2-0bb5-4205-b340-58581da3b074","brand":"Microsoft","Platform":"Play Station","date":"2021-12-02T04:37:15.295Z"}', 'a829dc0c-0e0b-4514-bf8f-47ef5864a0e0', '68bde46f-57fc-41b0-937f-bf7e9300dc58');
INSERT INTO listings (id, listing, member, category) VALUES ('5fbda649-5c5c-41ff-bdca-ce127400d678', '{"description":"this is Entertainment 0","price":"$8592","title":"Entertainment 0","location":"Boise, ID","images":["https://assets-global.website-files.com/6047b5ff5b990938b601662f/60a520695b360d1ac382fbcc_cu-2-p-1080.jpeg"],"condition":"New","date":"2021-12-02T04:37:15.295Z"}', 'fbec17cc-9d39-4bff-be43-afc60e5f80db', '50157523-1e01-4334-8204-b8c42c9b18b7');
INSERT INTO listings (id, listing, member, category) VALUES ('0760f092-8acb-45df-9d14-b7b0f4d4878b', '{"description":"this is Entertainment 1","price":"$2310","title":"Entertainment 1","location":"Wichita, KA","images":["https://assets-global.website-files.com/6047b5ff5b990938b601662f/60a520695b360d1ac382fbcc_cu-2-p-1080.jpeg"],"condition":"Used - Fair","subcategory":"8e2997c3-f464-447c-b0a4-70ebb0566ee8","date":"2021-12-02T04:37:15.295Z"}', 'fbec17cc-9d39-4bff-be43-afc60e5f80db', '50157523-1e01-4334-8204-b8c42c9b18b7');
INSERT INTO listings (id, listing, member, category) VALUES ('36f0c7c1-de12-40d4-96db-bb14ef01b326', '{"description":"this is Entertainment 2","price":"$5605","title":"Entertainment 2","location":"Arlington, TX","images":["https://assets-global.website-files.com/6047b5ff5b990938b601662f/60a520695b360d1ac382fbcc_cu-2-p-1080.jpeg"],"condition":"Used - Fair","date":"2021-12-02T04:37:15.295Z"}', 'fbec17cc-9d39-4bff-be43-afc60e5f80db', '50157523-1e01-4334-8204-b8c42c9b18b7');
INSERT INTO listings (id, listing, member, category) VALUES ('dc46da3d-4c08-4ad5-8fc8-76bfb424ff17', '{"description":"this is Entertainment 3","price":"$3460","title":"Entertainment 3","location":"Wichita, KA","images":["https://assets-global.website-files.com/6047b5ff5b990938b601662f/60a520695b360d1ac382fbcc_cu-2-p-1080.jpeg"],"condition":"Used - Fair","subcategory":"8e2997c3-f464-447c-b0a4-70ebb0566ee8","date":"2021-12-02T04:37:15.296Z"}', 'a829dc0c-0e0b-4514-bf8f-47ef5864a0e0', '50157523-1e01-4334-8204-b8c42c9b18b7');
INSERT INTO listings (id, listing, member, category) VALUES ('d0af227e-0e78-48b7-ad97-ca5dde058a50', '{"description":"this is Entertainment 4","price":"$5282","title":"Entertainment 4","location":"Arlington, TX","images":["https://assets-global.website-files.com/6047b5ff5b990938b601662f/60a520695b360d1ac382fbcc_cu-2-p-1080.jpeg"],"condition":"Used - Like New","subcategory":"8e2997c3-f464-447c-b0a4-70ebb0566ee8","date":"2021-12-02T04:37:15.296Z"}', 'fbec17cc-9d39-4bff-be43-afc60e5f80db', '50157523-1e01-4334-8204-b8c42c9b18b7');
INSERT INTO listings (id, listing, member, category) VALUES ('665d2ea9-a237-41f7-b44d-3d4e2a7234d9', '{"description":"this is Books, Movies & Music 0","price":"$195","title":"Books, Movies & Music 0","location":"Wichita, KA","images":["https://assets-global.website-files.com/6047b5ff5b990938b601662f/60a520695b360d1ac382fbcc_cu-2-p-1080.jpeg"],"condition":"Used - Fair","subcategory":"8e2997c3-f464-447c-b0a4-70ebb0566ee8","date":"2021-12-02T04:37:15.296Z"}', 'fbec17cc-9d39-4bff-be43-afc60e5f80db', '50157523-1e01-4334-8204-b8c42c9b18b7');
INSERT INTO listings (id, listing, member, category) VALUES ('1c18bf6d-a47a-4d1c-b8a0-b915fcb9d041', '{"description":"this is Books, Movies & Music 1","price":"$633","title":"Books, Movies & Music 1","location":"Santa Cruz, CA","images":["https://assets-global.website-files.com/6047b5ff5b990938b601662f/60a520695b360d1ac382fbcc_cu-2-p-1080.jpeg"],"condition":"Used - Like New","subcategory":"8e2997c3-f464-447c-b0a4-70ebb0566ee8","date":"2021-12-02T04:37:15.296Z"}', 'a829dc0c-0e0b-4514-bf8f-47ef5864a0e0', '50157523-1e01-4334-8204-b8c42c9b18b7');
INSERT INTO listings (id, listing, member, category) VALUES ('5943ad64-b1cb-492f-b8ba-47ff66000c19', '{"description":"this is Books, Movies & Music 2","price":"$765","title":"Books, Movies & Music 2","location":"Arlington, TX","images":["https://assets-global.website-files.com/6047b5ff5b990938b601662f/60a520695b360d1ac382fbcc_cu-2-p-1080.jpeg"],"condition":"Used - Fair","subcategory":"8e2997c3-f464-447c-b0a4-70ebb0566ee8","date":"2021-12-02T04:37:15.296Z"}', 'fbec17cc-9d39-4bff-be43-afc60e5f80db', '50157523-1e01-4334-8204-b8c42c9b18b7');
INSERT INTO listings (id, listing, member, category) VALUES ('2aa982f1-42ac-4b05-83c4-4439ac00ae0f', '{"description":"this is Books, Movies & Music 3","price":"$4989","title":"Books, Movies & Music 3","location":"Long Beach. CA","images":["https://assets-global.website-files.com/6047b5ff5b990938b601662f/60a520695b360d1ac382fbcc_cu-2-p-1080.jpeg"],"condition":"Used - Good","subcategory":"8e2997c3-f464-447c-b0a4-70ebb0566ee8","date":"2021-12-02T04:37:15.297Z"}', 'a829dc0c-0e0b-4514-bf8f-47ef5864a0e0', '50157523-1e01-4334-8204-b8c42c9b18b7');
INSERT INTO listings (id, listing, member, category) VALUES ('ebd3128c-587e-4ab9-b67f-07f1ae6a5ea1', '{"description":"this is Books, Movies & Music 4","price":"$508","title":"Books, Movies & Music 4","location":"Boise, ID","images":["https://assets-global.website-files.com/6047b5ff5b990938b601662f/60a520695b360d1ac382fbcc_cu-2-p-1080.jpeg"],"condition":"Used - Good","subcategory":"8e2997c3-f464-447c-b0a4-70ebb0566ee8","date":"2021-12-02T04:37:15.297Z"}', 'a829dc0c-0e0b-4514-bf8f-47ef5864a0e0', '50157523-1e01-4334-8204-b8c42c9b18b7');
INSERT INTO listings (id, listing, member, category) VALUES ('de488c36-bab7-4ad9-8c17-d460c9feb800', '{"description":"this is Family 0","price":"$3078","title":"Family 0","location":"Santa Cruz, CA","images":["https://assets-global.website-files.com/6047b5ff5b990938b601662f/60a520695b360d1ac382fbcc_cu-2-p-1080.jpeg"],"condition":"Used - Good","subcategory":"76a2e2b4-11ab-4673-8251-411ad2c8044a","date":"2021-12-02T04:37:15.297Z"}', 'a829dc0c-0e0b-4514-bf8f-47ef5864a0e0', 'c7a67626-f363-46c6-88d3-819c7e1a2d96');
INSERT INTO listings (id, listing, member, category) VALUES ('8ca4475f-262f-4e18-93dc-cdd3ea775dff', '{"description":"this is Family 1","price":"$5661","title":"Family 1","location":"Wichita, KA","images":["https://assets-global.website-files.com/6047b5ff5b990938b601662f/60a520695b360d1ac382fbcc_cu-2-p-1080.jpeg"],"condition":"Used - Fair","subcategory":"76a2e2b4-11ab-4673-8251-411ad2c8044a","date":"2021-12-02T04:37:15.297Z"}', 'a829dc0c-0e0b-4514-bf8f-47ef5864a0e0', 'c7a67626-f363-46c6-88d3-819c7e1a2d96');
INSERT INTO listings (id, listing, member, category) VALUES ('3a304605-4f21-4518-81e1-9b4a5e4bbcf9', '{"description":"this is Family 2","price":"$66","title":"Family 2","location":"Santa Cruz, CA","images":["https://assets-global.website-files.com/6047b5ff5b990938b601662f/60a520695b360d1ac382fbcc_cu-2-p-1080.jpeg"],"condition":"Used - Good","subcategory":"bf650994-df5d-44ac-a35b-829ad1cdbda2","date":"2021-12-02T04:37:15.297Z"}', 'a829dc0c-0e0b-4514-bf8f-47ef5864a0e0', 'c7a67626-f363-46c6-88d3-819c7e1a2d96');
INSERT INTO listings (id, listing, member, category) VALUES ('256fb1c4-cadb-498d-9b0d-2e85b419d071', '{"description":"this is Family 3","price":"$6292","title":"Family 3","location":"Santa Cruz, CA","images":["https://assets-global.website-files.com/6047b5ff5b990938b601662f/60a520695b360d1ac382fbcc_cu-2-p-1080.jpeg"],"condition":"Used - Fair","subcategory":"bf650994-df5d-44ac-a35b-829ad1cdbda2","date":"2021-12-02T04:37:15.297Z"}', 'a829dc0c-0e0b-4514-bf8f-47ef5864a0e0', 'c7a67626-f363-46c6-88d3-819c7e1a2d96');
INSERT INTO listings (id, listing, member, category) VALUES ('288ca9cf-87af-44b0-8bb9-21392e3b87ba', '{"description":"this is Family 4","price":"$5540","title":"Family 4","location":"Wichita, KA","images":["https://assets-global.website-files.com/6047b5ff5b990938b601662f/60a520695b360d1ac382fbcc_cu-2-p-1080.jpeg"],"condition":"New","subcategory":"bf650994-df5d-44ac-a35b-829ad1cdbda2","date":"2021-12-02T04:37:15.297Z"}', 'fbec17cc-9d39-4bff-be43-afc60e5f80db', 'c7a67626-f363-46c6-88d3-819c7e1a2d96');
INSERT INTO listings (id, listing, member, category) VALUES ('29b17904-eb04-4667-8a0d-9798a4b88b31', '{"description":"this is Baby & Kid Items 0","price":"$1206","title":"Baby & Kid Items 0","location":"Wichita, KA","images":["https://assets-global.website-files.com/6047b5ff5b990938b601662f/60a520695b360d1ac382fbcc_cu-2-p-1080.jpeg"],"condition":"Used - Fair","subcategory":"76a2e2b4-11ab-4673-8251-411ad2c8044a","date":"2021-12-02T04:37:15.297Z"}', 'fbec17cc-9d39-4bff-be43-afc60e5f80db', 'c7a67626-f363-46c6-88d3-819c7e1a2d96');
INSERT INTO listings (id, listing, member, category) VALUES ('867f82c9-7995-4600-b564-27a9d68dbe1b', '{"description":"this is Baby & Kid Items 1","price":"$7983","title":"Baby & Kid Items 1","location":"Santa Cruz, CA","images":["https://assets-global.website-files.com/6047b5ff5b990938b601662f/60a520695b360d1ac382fbcc_cu-2-p-1080.jpeg"],"condition":"Used - Like New","subcategory":"76a2e2b4-11ab-4673-8251-411ad2c8044a","date":"2021-12-02T04:37:15.297Z"}', 'fbec17cc-9d39-4bff-be43-afc60e5f80db', 'c7a67626-f363-46c6-88d3-819c7e1a2d96');
INSERT INTO listings (id, listing, member, category) VALUES ('fed85a20-7a63-4329-95d3-71e47c4f1aba', '{"description":"this is Baby & Kid Items 2","price":"$4444","title":"Baby & Kid Items 2","location":"Arlington, TX","images":["https://assets-global.website-files.com/6047b5ff5b990938b601662f/60a520695b360d1ac382fbcc_cu-2-p-1080.jpeg"],"condition":"Used - Good","subcategory":"76a2e2b4-11ab-4673-8251-411ad2c8044a","date":"2021-12-02T04:37:15.297Z"}', 'a829dc0c-0e0b-4514-bf8f-47ef5864a0e0', 'c7a67626-f363-46c6-88d3-819c7e1a2d96');
INSERT INTO listings (id, listing, member, category) VALUES ('0d6cb179-3e43-49a1-a86a-cb5a69a90a0f', '{"description":"this is Baby & Kid Items 3","price":"$3192","title":"Baby & Kid Items 3","location":"Wichita, KA","images":["https://assets-global.website-files.com/6047b5ff5b990938b601662f/60a520695b360d1ac382fbcc_cu-2-p-1080.jpeg"],"condition":"Used - Good","subcategory":"76a2e2b4-11ab-4673-8251-411ad2c8044a","date":"2021-12-02T04:37:15.297Z"}', 'fbec17cc-9d39-4bff-be43-afc60e5f80db', 'c7a67626-f363-46c6-88d3-819c7e1a2d96');
INSERT INTO listings (id, listing, member, category) VALUES ('34dba838-f650-47ee-8e83-6e9dbc79c244', '{"description":"this is Baby & Kid Items 4","price":"$7102","title":"Baby & Kid Items 4","location":"Long Beach. CA","images":["https://assets-global.website-files.com/6047b5ff5b990938b601662f/60a520695b360d1ac382fbcc_cu-2-p-1080.jpeg"],"condition":"New","subcategory":"76a2e2b4-11ab-4673-8251-411ad2c8044a","date":"2021-12-02T04:37:15.297Z"}', 'fbec17cc-9d39-4bff-be43-afc60e5f80db', 'c7a67626-f363-46c6-88d3-819c7e1a2d96');
INSERT INTO listings (id, listing, member, category) VALUES ('f36aa6ea-c110-421a-805f-11931b1b84a2', '{"description":"this is Health & Beauty 0","price":"$5283","title":"Health & Beauty 0","location":"Boise, ID","images":["https://assets-global.website-files.com/6047b5ff5b990938b601662f/60a520695b360d1ac382fbcc_cu-2-p-1080.jpeg"],"condition":"Used - Good","subcategory":"bf650994-df5d-44ac-a35b-829ad1cdbda2","brand":"Victorias Secret","date":"2021-12-02T04:37:15.297Z"}', 'fbec17cc-9d39-4bff-be43-afc60e5f80db', 'c7a67626-f363-46c6-88d3-819c7e1a2d96');
INSERT INTO listings (id, listing, member, category) VALUES ('af093ab8-a4c8-42f5-b3d1-b1dacbc8ae4f', '{"description":"this is Health & Beauty 1","price":"$2644","title":"Health & Beauty 1","location":"Boise, ID","images":["https://assets-global.website-files.com/6047b5ff5b990938b601662f/60a520695b360d1ac382fbcc_cu-2-p-1080.jpeg"],"condition":"Used - Fair","subcategory":"bf650994-df5d-44ac-a35b-829ad1cdbda2","brand":"Secret","date":"2021-12-02T04:37:15.297Z"}', 'a829dc0c-0e0b-4514-bf8f-47ef5864a0e0', 'c7a67626-f363-46c6-88d3-819c7e1a2d96');
INSERT INTO listings (id, listing, member, category) VALUES ('b6d7942e-cbc2-4796-a258-de1111ef1fa4', '{"description":"this is Health & Beauty 2","price":"$583","title":"Health & Beauty 2","location":"Boise, ID","images":["https://assets-global.website-files.com/6047b5ff5b990938b601662f/60a520695b360d1ac382fbcc_cu-2-p-1080.jpeg"],"condition":"Used - Good","subcategory":"bf650994-df5d-44ac-a35b-829ad1cdbda2","brand":"Fitbit","date":"2021-12-02T04:37:15.297Z"}', 'fbec17cc-9d39-4bff-be43-afc60e5f80db', 'c7a67626-f363-46c6-88d3-819c7e1a2d96');
INSERT INTO listings (id, listing, member, category) VALUES ('db529a1d-826b-4bfe-bfa4-c0258da0f2ae', '{"description":"this is Health & Beauty 3","price":"$6045","title":"Health & Beauty 3","location":"Boise, ID","images":["https://assets-global.website-files.com/6047b5ff5b990938b601662f/60a520695b360d1ac382fbcc_cu-2-p-1080.jpeg"],"condition":"Used - Good","subcategory":"bf650994-df5d-44ac-a35b-829ad1cdbda2","brand":"Fitbit","date":"2021-12-02T04:37:15.297Z"}', 'fbec17cc-9d39-4bff-be43-afc60e5f80db', 'c7a67626-f363-46c6-88d3-819c7e1a2d96');
INSERT INTO listings (id, listing, member, category) VALUES ('fea94de7-8009-4001-927c-adcf38e75efa', '{"description":"this is Health & Beauty 4","price":"$3337","title":"Health & Beauty 4","location":"Arlington, TX","images":["https://assets-global.website-files.com/6047b5ff5b990938b601662f/60a520695b360d1ac382fbcc_cu-2-p-1080.jpeg"],"condition":"Used - Like New","subcategory":"bf650994-df5d-44ac-a35b-829ad1cdbda2","brand":"Secret","date":"2021-12-02T04:37:15.297Z"}', 'fbec17cc-9d39-4bff-be43-afc60e5f80db', 'c7a67626-f363-46c6-88d3-819c7e1a2d96');
INSERT INTO listings (id, listing, member, category) VALUES ('df0b2bd7-bade-4b38-a7a9-b72ce9cbc388', '{"description":"this is Garden & Outdoor 0","price":"$4330","title":"Garden & Outdoor 0","location":"Santa Cruz, CA","images":["https://assets-global.website-files.com/6047b5ff5b990938b601662f/60a520695b360d1ac382fbcc_cu-2-p-1080.jpeg"],"condition":"Used - Like New","subcategory":"1a53805a-445a-4eb6-8647-ff4f2077974d","date":"2021-12-02T04:37:15.297Z"}', 'fbec17cc-9d39-4bff-be43-afc60e5f80db', '4203b4d9-0707-4774-9dd5-2acb8c9b0563');
INSERT INTO listings (id, listing, member, category) VALUES ('3516bb3a-56ca-4b1d-84a8-521353da314f', '{"description":"this is Garden & Outdoor 1","price":"$4745","title":"Garden & Outdoor 1","location":"Long Beach. CA","images":["https://assets-global.website-files.com/6047b5ff5b990938b601662f/60a520695b360d1ac382fbcc_cu-2-p-1080.jpeg"],"condition":"New","subcategory":"88811019-3e47-4c33-895d-a18bbc54db3e","date":"2021-12-02T04:37:15.297Z"}', 'fbec17cc-9d39-4bff-be43-afc60e5f80db', '4203b4d9-0707-4774-9dd5-2acb8c9b0563');
INSERT INTO listings (id, listing, member, category) VALUES ('5cdd4dd9-47e3-4584-adff-815077932a4a', '{"description":"this is Garden & Outdoor 2","price":"$2814","title":"Garden & Outdoor 2","location":"Long Beach. CA","images":["https://assets-global.website-files.com/6047b5ff5b990938b601662f/60a520695b360d1ac382fbcc_cu-2-p-1080.jpeg"],"condition":"New","subcategory":"1a53805a-445a-4eb6-8647-ff4f2077974d","date":"2021-12-02T04:37:15.297Z"}', 'a829dc0c-0e0b-4514-bf8f-47ef5864a0e0', '4203b4d9-0707-4774-9dd5-2acb8c9b0563');
INSERT INTO listings (id, listing, member, category) VALUES ('958fd2c5-7852-4d5f-9d32-58df81fbbf7e', '{"description":"this is Garden & Outdoor 3","price":"$1316","title":"Garden & Outdoor 3","location":"Arlington, TX","images":["https://assets-global.website-files.com/6047b5ff5b990938b601662f/60a520695b360d1ac382fbcc_cu-2-p-1080.jpeg"],"condition":"Used - Fair","subcategory":"1a53805a-445a-4eb6-8647-ff4f2077974d","date":"2021-12-02T04:37:15.297Z"}', 'a829dc0c-0e0b-4514-bf8f-47ef5864a0e0', '4203b4d9-0707-4774-9dd5-2acb8c9b0563');
INSERT INTO listings (id, listing, member, category) VALUES ('d608293b-63a7-4072-80c5-631ee756900f', '{"description":"this is Garden & Outdoor 4","price":"$9284","title":"Garden & Outdoor 4","location":"Santa Cruz, CA","images":["https://assets-global.website-files.com/6047b5ff5b990938b601662f/60a520695b360d1ac382fbcc_cu-2-p-1080.jpeg"],"condition":"Used - Good","subcategory":"1a53805a-445a-4eb6-8647-ff4f2077974d","date":"2021-12-02T04:37:15.297Z"}', 'a829dc0c-0e0b-4514-bf8f-47ef5864a0e0', '4203b4d9-0707-4774-9dd5-2acb8c9b0563');
INSERT INTO listings (id, listing, member, category) VALUES ('1f28e2d1-3222-4207-adaf-070bf7661a8d', '{"description":"this is Garden Decor 0","price":"$2588","title":"Garden Decor 0","location":"Santa Cruz, CA","images":["https://assets-global.website-files.com/6047b5ff5b990938b601662f/60a520695b360d1ac382fbcc_cu-2-p-1080.jpeg"],"condition":"Used - Like New","subcategory":"88811019-3e47-4c33-895d-a18bbc54db3e","material":"Metal","date":"2021-12-02T04:37:15.297Z"}', 'a829dc0c-0e0b-4514-bf8f-47ef5864a0e0', '4203b4d9-0707-4774-9dd5-2acb8c9b0563');
INSERT INTO listings (id, listing, member, category) VALUES ('9a1a1afd-a489-4bd8-9ae2-248db083f816', '{"description":"this is Garden Decor 1","price":"$9054","title":"Garden Decor 1","location":"Santa Cruz, CA","images":["https://assets-global.website-files.com/6047b5ff5b990938b601662f/60a520695b360d1ac382fbcc_cu-2-p-1080.jpeg"],"condition":"New","subcategory":"88811019-3e47-4c33-895d-a18bbc54db3e","material":"Fabric","date":"2021-12-02T04:37:15.297Z"}', 'fbec17cc-9d39-4bff-be43-afc60e5f80db', '4203b4d9-0707-4774-9dd5-2acb8c9b0563');
INSERT INTO listings (id, listing, member, category) VALUES ('c0761813-a689-4343-b867-3a97284891a1', '{"description":"this is Garden Decor 2","price":"$6513","title":"Garden Decor 2","location":"Wichita, KA","images":["https://assets-global.website-files.com/6047b5ff5b990938b601662f/60a520695b360d1ac382fbcc_cu-2-p-1080.jpeg"],"condition":"Used - Like New","subcategory":"88811019-3e47-4c33-895d-a18bbc54db3e","material":"Fabric","date":"2021-12-02T04:37:15.297Z"}', 'fbec17cc-9d39-4bff-be43-afc60e5f80db', '4203b4d9-0707-4774-9dd5-2acb8c9b0563');
INSERT INTO listings (id, listing, member, category) VALUES ('e722edcc-a40b-464f-9e99-da9eb3e3ef25', '{"description":"this is Garden Decor 3","price":"$8750","title":"Garden Decor 3","location":"Santa Cruz, CA","images":["https://assets-global.website-files.com/6047b5ff5b990938b601662f/60a520695b360d1ac382fbcc_cu-2-p-1080.jpeg"],"condition":"Used - Like New","subcategory":"88811019-3e47-4c33-895d-a18bbc54db3e","material":"Metal","date":"2021-12-02T04:37:15.297Z"}', 'a829dc0c-0e0b-4514-bf8f-47ef5864a0e0', '4203b4d9-0707-4774-9dd5-2acb8c9b0563');
INSERT INTO listings (id, listing, member, category) VALUES ('f2d0c2f7-adc8-48e8-8c46-a645963e1747', '{"description":"this is Garden Decor 4","price":"$8285","title":"Garden Decor 4","location":"Long Beach. CA","images":["https://assets-global.website-files.com/6047b5ff5b990938b601662f/60a520695b360d1ac382fbcc_cu-2-p-1080.jpeg"],"condition":"New","subcategory":"88811019-3e47-4c33-895d-a18bbc54db3e","material":"Metal","date":"2021-12-02T04:37:15.297Z"}', 'fbec17cc-9d39-4bff-be43-afc60e5f80db', '4203b4d9-0707-4774-9dd5-2acb8c9b0563');
INSERT INTO listings (id, listing, member, category) VALUES ('de31f523-071c-4ee5-9e7b-c6ebb7c459a7', '{"description":"this is Outdoor Cooking 0","price":"$4804","title":"Outdoor Cooking 0","location":"Boise, ID","images":["https://assets-global.website-files.com/6047b5ff5b990938b601662f/60a520695b360d1ac382fbcc_cu-2-p-1080.jpeg"],"condition":"Used - Fair","subcategory":"1a53805a-445a-4eb6-8647-ff4f2077974d","date":"2021-12-02T04:37:15.298Z"}', 'a829dc0c-0e0b-4514-bf8f-47ef5864a0e0', '4203b4d9-0707-4774-9dd5-2acb8c9b0563');
INSERT INTO listings (id, listing, member, category) VALUES ('ab38ec9c-66bf-4839-910e-2e221b0295f8', '{"description":"this is Outdoor Cooking 1","price":"$8725","title":"Outdoor Cooking 1","location":"Arlington, TX","images":["https://assets-global.website-files.com/6047b5ff5b990938b601662f/60a520695b360d1ac382fbcc_cu-2-p-1080.jpeg"],"condition":"Used - Good","subcategory":"1a53805a-445a-4eb6-8647-ff4f2077974d","date":"2021-12-02T04:37:15.298Z"}', 'a829dc0c-0e0b-4514-bf8f-47ef5864a0e0', '4203b4d9-0707-4774-9dd5-2acb8c9b0563');
INSERT INTO listings (id, listing, member, category) VALUES ('a1eca47c-6c39-4bc5-a1af-b3c95c04f9b2', '{"description":"this is Outdoor Cooking 2","price":"$2211","title":"Outdoor Cooking 2","location":"Santa Cruz, CA","images":["https://assets-global.website-files.com/6047b5ff5b990938b601662f/60a520695b360d1ac382fbcc_cu-2-p-1080.jpeg"],"condition":"Used - Like New","subcategory":"1a53805a-445a-4eb6-8647-ff4f2077974d","date":"2021-12-02T04:37:15.298Z"}', 'fbec17cc-9d39-4bff-be43-afc60e5f80db', '4203b4d9-0707-4774-9dd5-2acb8c9b0563');
INSERT INTO listings (id, listing, member, category) VALUES ('a8ebde2e-c4ac-46cd-aa6d-9107c3b9e87e', '{"description":"this is Outdoor Cooking 3","price":"$5393","title":"Outdoor Cooking 3","location":"Long Beach. CA","images":["https://assets-global.website-files.com/6047b5ff5b990938b601662f/60a520695b360d1ac382fbcc_cu-2-p-1080.jpeg"],"condition":"Used - Good","subcategory":"1a53805a-445a-4eb6-8647-ff4f2077974d","date":"2021-12-02T04:37:15.298Z"}', 'fbec17cc-9d39-4bff-be43-afc60e5f80db', '4203b4d9-0707-4774-9dd5-2acb8c9b0563');
INSERT INTO listings (id, listing, member, category) VALUES ('cf47d67e-b49c-4490-a18d-c6637247f450', '{"description":"this is Outdoor Cooking 4","price":"$3061","title":"Outdoor Cooking 4","location":"Wichita, KA","images":["https://assets-global.website-files.com/6047b5ff5b990938b601662f/60a520695b360d1ac382fbcc_cu-2-p-1080.jpeg"],"condition":"Used - Fair","subcategory":"1a53805a-445a-4eb6-8647-ff4f2077974d","date":"2021-12-02T04:37:15.298Z"}', 'fbec17cc-9d39-4bff-be43-afc60e5f80db', '4203b4d9-0707-4774-9dd5-2acb8c9b0563');
INSERT INTO listings (id, listing, member, category) VALUES ('d93d38ba-4a17-40a3-a2d9-490349068c4d', '{"description":"this is Hobbies 0","price":"$4672","title":"Hobbies 0","location":"Arlington, TX","images":["https://assets-global.website-files.com/6047b5ff5b990938b601662f/60a520695b360d1ac382fbcc_cu-2-p-1080.jpeg"],"condition":"Used - Like New","subcategory":"1da52200-00b0-4370-9257-363a6f40f84e","date":"2021-12-02T04:37:15.298Z"}', 'a829dc0c-0e0b-4514-bf8f-47ef5864a0e0', '979e8379-7d29-43ea-a4f6-e6ce053071f7');
INSERT INTO listings (id, listing, member, category) VALUES ('6f7dd531-821b-4720-999f-fa8b27739850', '{"description":"this is Hobbies 1","price":"$2226","title":"Hobbies 1","location":"Wichita, KA","images":["https://assets-global.website-files.com/6047b5ff5b990938b601662f/60a520695b360d1ac382fbcc_cu-2-p-1080.jpeg"],"condition":"Used - Fair","subcategory":"38602ea8-eff4-4775-b43f-1908adff5633","date":"2021-12-02T04:37:15.298Z"}', 'fbec17cc-9d39-4bff-be43-afc60e5f80db', '979e8379-7d29-43ea-a4f6-e6ce053071f7');
INSERT INTO listings (id, listing, member, category) VALUES ('f508f441-60d9-4507-bd60-8f8baa1a9807', '{"description":"this is Hobbies 2","price":"$2011","title":"Hobbies 2","location":"Boise, ID","images":["https://assets-global.website-files.com/6047b5ff5b990938b601662f/60a520695b360d1ac382fbcc_cu-2-p-1080.jpeg"],"condition":"Used - Good","subcategory":"1da52200-00b0-4370-9257-363a6f40f84e","date":"2021-12-02T04:37:15.298Z"}', 'fbec17cc-9d39-4bff-be43-afc60e5f80db', '979e8379-7d29-43ea-a4f6-e6ce053071f7');
INSERT INTO listings (id, listing, member, category) VALUES ('05b8547d-0dd2-4986-b445-7d022c3e284c', '{"description":"this is Hobbies 3","price":"$44","title":"Hobbies 3","location":"Long Beach. CA","images":["https://assets-global.website-files.com/6047b5ff5b990938b601662f/60a520695b360d1ac382fbcc_cu-2-p-1080.jpeg"],"condition":"Used - Good","subcategory":"1da52200-00b0-4370-9257-363a6f40f84e","date":"2021-12-02T04:37:15.298Z"}', 'a829dc0c-0e0b-4514-bf8f-47ef5864a0e0', '979e8379-7d29-43ea-a4f6-e6ce053071f7');
INSERT INTO listings (id, listing, member, category) VALUES ('843b484d-ccc8-486d-bf57-63fa59e5812d', '{"description":"this is Hobbies 4","price":"$6745","title":"Hobbies 4","location":"Long Beach. CA","images":["https://assets-global.website-files.com/6047b5ff5b990938b601662f/60a520695b360d1ac382fbcc_cu-2-p-1080.jpeg"],"condition":"New","subcategory":"38602ea8-eff4-4775-b43f-1908adff5633","date":"2021-12-02T04:37:15.298Z"}', 'fbec17cc-9d39-4bff-be43-afc60e5f80db', '979e8379-7d29-43ea-a4f6-e6ce053071f7');
INSERT INTO listings (id, listing, member, category) VALUES ('bd65b8ef-24ac-4880-8ed9-f9622e5817b5', '{"description":"this is Arts & Crafts 0","price":"$6081","title":"Arts & Crafts 0","location":"Arlington, TX","images":["https://assets-global.website-files.com/6047b5ff5b990938b601662f/60a520695b360d1ac382fbcc_cu-2-p-1080.jpeg"],"condition":"New","subcategory":"1da52200-00b0-4370-9257-363a6f40f84e","brand":"Sizzix","date":"2021-12-02T04:37:15.298Z"}', 'a829dc0c-0e0b-4514-bf8f-47ef5864a0e0', '979e8379-7d29-43ea-a4f6-e6ce053071f7');
INSERT INTO listings (id, listing, member, category) VALUES ('72483e39-adcb-45de-a1ee-05218b7c4b2f', '{"description":"this is Arts & Crafts 1","price":"$4168","title":"Arts & Crafts 1","location":"Santa Cruz, CA","images":["https://assets-global.website-files.com/6047b5ff5b990938b601662f/60a520695b360d1ac382fbcc_cu-2-p-1080.jpeg"],"condition":"Used - Fair","subcategory":"1da52200-00b0-4370-9257-363a6f40f84e","brand":"Sizzix","date":"2021-12-02T04:37:15.298Z"}', 'fbec17cc-9d39-4bff-be43-afc60e5f80db', '979e8379-7d29-43ea-a4f6-e6ce053071f7');
INSERT INTO listings (id, listing, member, category) VALUES ('f963d4e2-ddee-4c8f-872e-0b05353036ed', '{"description":"this is Arts & Crafts 2","price":"$6361","title":"Arts & Crafts 2","location":"Arlington, TX","images":["https://assets-global.website-files.com/6047b5ff5b990938b601662f/60a520695b360d1ac382fbcc_cu-2-p-1080.jpeg"],"condition":"Used - Like New","subcategory":"1da52200-00b0-4370-9257-363a6f40f84e","brand":"Sizzix","date":"2021-12-02T04:37:15.298Z"}', 'a829dc0c-0e0b-4514-bf8f-47ef5864a0e0', '979e8379-7d29-43ea-a4f6-e6ce053071f7');
INSERT INTO listings (id, listing, member, category) VALUES ('38e92c23-cbf2-46ca-b12a-93593a4c3c2f', '{"description":"this is Arts & Crafts 3","price":"$528","title":"Arts & Crafts 3","location":"Santa Cruz, CA","images":["https://assets-global.website-files.com/6047b5ff5b990938b601662f/60a520695b360d1ac382fbcc_cu-2-p-1080.jpeg"],"condition":"Used - Fair","subcategory":"1da52200-00b0-4370-9257-363a6f40f84e","brand":"Sizzix","date":"2021-12-02T04:37:15.298Z"}', 'fbec17cc-9d39-4bff-be43-afc60e5f80db', '979e8379-7d29-43ea-a4f6-e6ce053071f7');
INSERT INTO listings (id, listing, member, category) VALUES ('883ee336-a05c-4cbc-81c1-70ad70d3aaa6', '{"description":"this is Arts & Crafts 4","price":"$8979","title":"Arts & Crafts 4","location":"Santa Cruz, CA","images":["https://assets-global.website-files.com/6047b5ff5b990938b601662f/60a520695b360d1ac382fbcc_cu-2-p-1080.jpeg"],"condition":"Used - Like New","subcategory":"1da52200-00b0-4370-9257-363a6f40f84e","brand":"Sizzix","date":"2021-12-02T04:37:15.298Z"}', 'fbec17cc-9d39-4bff-be43-afc60e5f80db', '979e8379-7d29-43ea-a4f6-e6ce053071f7');
INSERT INTO listings (id, listing, member, category) VALUES ('d02da861-88c3-4f1f-a769-6088d22f6697', '{"description":"this is Collectibles 0","price":"$4008","title":"Collectibles 0","location":"Boise, ID","images":["https://assets-global.website-files.com/6047b5ff5b990938b601662f/60a520695b360d1ac382fbcc_cu-2-p-1080.jpeg"],"condition":"Used - Like New","subcategory":"38602ea8-eff4-4775-b43f-1908adff5633","date":"2021-12-02T04:37:15.298Z"}', 'a829dc0c-0e0b-4514-bf8f-47ef5864a0e0', '979e8379-7d29-43ea-a4f6-e6ce053071f7');
INSERT INTO listings (id, listing, member, category) VALUES ('ed05a900-ea11-49b7-9590-00f2215ced6c', '{"description":"this is Collectibles 1","price":"$6214","title":"Collectibles 1","location":"Arlington, TX","images":["https://assets-global.website-files.com/6047b5ff5b990938b601662f/60a520695b360d1ac382fbcc_cu-2-p-1080.jpeg"],"condition":"New","subcategory":"38602ea8-eff4-4775-b43f-1908adff5633","date":"2021-12-02T04:37:15.299Z"}', 'a829dc0c-0e0b-4514-bf8f-47ef5864a0e0', '979e8379-7d29-43ea-a4f6-e6ce053071f7');
INSERT INTO listings (id, listing, member, category) VALUES ('c59e503b-25e0-4fa0-9a0d-64e80a07fdbc', '{"description":"this is Collectibles 2","price":"$3591","title":"Collectibles 2","location":"Wichita, KA","images":["https://assets-global.website-files.com/6047b5ff5b990938b601662f/60a520695b360d1ac382fbcc_cu-2-p-1080.jpeg"],"condition":"Used - Fair","subcategory":"38602ea8-eff4-4775-b43f-1908adff5633","date":"2021-12-02T04:37:15.299Z"}', 'fbec17cc-9d39-4bff-be43-afc60e5f80db', '979e8379-7d29-43ea-a4f6-e6ce053071f7');
INSERT INTO listings (id, listing, member, category) VALUES ('d03d42e0-6c77-46c8-a347-45edb0ec5cde', '{"description":"this is Collectibles 3","price":"$5227","title":"Collectibles 3","location":"Boise, ID","images":["https://assets-global.website-files.com/6047b5ff5b990938b601662f/60a520695b360d1ac382fbcc_cu-2-p-1080.jpeg"],"condition":"Used - Fair","subcategory":"38602ea8-eff4-4775-b43f-1908adff5633","date":"2021-12-02T04:37:15.299Z"}', 'a829dc0c-0e0b-4514-bf8f-47ef5864a0e0', '979e8379-7d29-43ea-a4f6-e6ce053071f7');
INSERT INTO listings (id, listing, member, category) VALUES ('06212b57-eeef-4797-ae14-f08f3b203283', '{"description":"this is Collectibles 4","price":"$1927","title":"Collectibles 4","location":"Wichita, KA","images":["https://assets-global.website-files.com/6047b5ff5b990938b601662f/60a520695b360d1ac382fbcc_cu-2-p-1080.jpeg"],"condition":"New","subcategory":"38602ea8-eff4-4775-b43f-1908adff5633","date":"2021-12-02T04:37:15.299Z"}', 'a829dc0c-0e0b-4514-bf8f-47ef5864a0e0', '979e8379-7d29-43ea-a4f6-e6ce053071f7');
INSERT INTO listings (id, listing, member, category) VALUES ('2360f45e-d5c9-48f9-b3f2-b7f03723c008', '{"description":"this is Home Goods 0","price":"$2633","title":"Home Goods 0","location":"Boise, ID","images":["https://assets-global.website-files.com/6047b5ff5b990938b601662f/60a520695b360d1ac382fbcc_cu-2-p-1080.jpeg"],"condition":"Used - Good","subcategory":"cdb0b2eb-4f3a-4940-b00a-d3015eb79047","date":"2021-12-02T04:37:15.299Z"}', 'a829dc0c-0e0b-4514-bf8f-47ef5864a0e0', '01b5cbf5-7f2f-4966-b127-40efc972ab30');
INSERT INTO listings (id, listing, member, category) VALUES ('0132dc56-58e2-4bec-a7c0-374e19af2896', '{"description":"this is Home Goods 1","price":"$6524","title":"Home Goods 1","location":"Wichita, KA","images":["https://assets-global.website-files.com/6047b5ff5b990938b601662f/60a520695b360d1ac382fbcc_cu-2-p-1080.jpeg"],"condition":"Used - Like New","subcategory":"cdb0b2eb-4f3a-4940-b00a-d3015eb79047","date":"2021-12-02T04:37:15.299Z"}', 'a829dc0c-0e0b-4514-bf8f-47ef5864a0e0', '01b5cbf5-7f2f-4966-b127-40efc972ab30');
INSERT INTO listings (id, listing, member, category) VALUES ('f8f02615-56f7-49a6-9679-9f55ba2adfb0', '{"description":"this is Home Goods 2","price":"$2211","title":"Home Goods 2","location":"Santa Cruz, CA","images":["https://assets-global.website-files.com/6047b5ff5b990938b601662f/60a520695b360d1ac382fbcc_cu-2-p-1080.jpeg"],"condition":"New","subcategory":"923f6c5a-0e1e-417e-ae90-6a04f7345ac5","date":"2021-12-02T04:37:15.299Z"}', 'a829dc0c-0e0b-4514-bf8f-47ef5864a0e0', '01b5cbf5-7f2f-4966-b127-40efc972ab30');
INSERT INTO listings (id, listing, member, category) VALUES ('ab52fce5-2d8f-443b-929e-958ae3eeb4fd', '{"description":"this is Home Goods 3","price":"$9326","title":"Home Goods 3","location":"Arlington, TX","images":["https://assets-global.website-files.com/6047b5ff5b990938b601662f/60a520695b360d1ac382fbcc_cu-2-p-1080.jpeg"],"condition":"New","subcategory":"cdb0b2eb-4f3a-4940-b00a-d3015eb79047","date":"2021-12-02T04:37:15.299Z"}', 'fbec17cc-9d39-4bff-be43-afc60e5f80db', '01b5cbf5-7f2f-4966-b127-40efc972ab30');
INSERT INTO listings (id, listing, member, category) VALUES ('b44cd079-1323-4e2a-9b5b-7fbad62e1235', '{"description":"this is Home Goods 4","price":"$7007","title":"Home Goods 4","location":"Wichita, KA","images":["https://assets-global.website-files.com/6047b5ff5b990938b601662f/60a520695b360d1ac382fbcc_cu-2-p-1080.jpeg"],"condition":"New","subcategory":"923f6c5a-0e1e-417e-ae90-6a04f7345ac5","date":"2021-12-02T04:37:15.299Z"}', 'fbec17cc-9d39-4bff-be43-afc60e5f80db', '01b5cbf5-7f2f-4966-b127-40efc972ab30');
INSERT INTO listings (id, listing, member, category) VALUES ('c7597e37-d831-4874-8d6e-647309691e0d', '{"description":"this is Appliances 0","price":"$5327","title":"Appliances 0","location":"Wichita, KA","images":["https://assets-global.website-files.com/6047b5ff5b990938b601662f/60a520695b360d1ac382fbcc_cu-2-p-1080.jpeg"],"condition":"Used - Good","subcategory":"cdb0b2eb-4f3a-4940-b00a-d3015eb79047","brand":"Hamilton Beach","material":"Metal","date":"2021-12-02T04:37:15.299Z"}', 'a829dc0c-0e0b-4514-bf8f-47ef5864a0e0', '01b5cbf5-7f2f-4966-b127-40efc972ab30');
INSERT INTO listings (id, listing, member, category) VALUES ('3f82690d-26f7-4a47-a03b-4f3b5e0a6fae', '{"description":"this is Appliances 1","price":"$9183","title":"Appliances 1","location":"Long Beach. CA","images":["https://assets-global.website-files.com/6047b5ff5b990938b601662f/60a520695b360d1ac382fbcc_cu-2-p-1080.jpeg"],"condition":"Used - Fair","subcategory":"cdb0b2eb-4f3a-4940-b00a-d3015eb79047","brand":"Keurig","material":"Metal","date":"2021-12-02T04:37:15.299Z"}', 'a829dc0c-0e0b-4514-bf8f-47ef5864a0e0', '01b5cbf5-7f2f-4966-b127-40efc972ab30');
INSERT INTO listings (id, listing, member, category) VALUES ('1b34948f-c24a-46e3-a74c-83b45f686969', '{"description":"this is Appliances 2","price":"$990","title":"Appliances 2","location":"Boise, ID","images":["https://assets-global.website-files.com/6047b5ff5b990938b601662f/60a520695b360d1ac382fbcc_cu-2-p-1080.jpeg"],"condition":"New","subcategory":"cdb0b2eb-4f3a-4940-b00a-d3015eb79047","brand":"Ninja","material":"Metal","date":"2021-12-02T04:37:15.299Z"}', 'fbec17cc-9d39-4bff-be43-afc60e5f80db', '01b5cbf5-7f2f-4966-b127-40efc972ab30');
INSERT INTO listings (id, listing, member, category) VALUES ('209ddfbc-bedb-4b63-be19-c8631ec2f726', '{"description":"this is Appliances 3","price":"$9819","title":"Appliances 3","location":"Boise, ID","images":["https://assets-global.website-files.com/6047b5ff5b990938b601662f/60a520695b360d1ac382fbcc_cu-2-p-1080.jpeg"],"condition":"Used - Fair","subcategory":"cdb0b2eb-4f3a-4940-b00a-d3015eb79047","brand":"Hamilton Beach","material":"Metal","date":"2021-12-02T04:37:15.299Z"}', 'a829dc0c-0e0b-4514-bf8f-47ef5864a0e0', '01b5cbf5-7f2f-4966-b127-40efc972ab30');
INSERT INTO listings (id, listing, member, category) VALUES ('c878a301-07a2-46b8-a15b-71a01f99655c', '{"description":"this is Appliances 4","price":"$8609","title":"Appliances 4","location":"Santa Cruz, CA","images":["https://assets-global.website-files.com/6047b5ff5b990938b601662f/60a520695b360d1ac382fbcc_cu-2-p-1080.jpeg"],"condition":"Used - Fair","subcategory":"cdb0b2eb-4f3a-4940-b00a-d3015eb79047","brand":"Keurig","material":"Metal","date":"2021-12-02T04:37:15.299Z"}', 'fbec17cc-9d39-4bff-be43-afc60e5f80db', '01b5cbf5-7f2f-4966-b127-40efc972ab30');
INSERT INTO listings (id, listing, member, category) VALUES ('1724e9ac-8091-447f-8436-9745d345583a', '{"description":"this is Decor 0","price":"$9902","title":"Decor 0","location":"Arlington, TX","images":["https://assets-global.website-files.com/6047b5ff5b990938b601662f/60a520695b360d1ac382fbcc_cu-2-p-1080.jpeg"],"condition":"Used - Like New","subcategory":"923f6c5a-0e1e-417e-ae90-6a04f7345ac5","decor style":"Vintage","date":"2021-12-02T04:37:15.299Z"}', 'fbec17cc-9d39-4bff-be43-afc60e5f80db', '01b5cbf5-7f2f-4966-b127-40efc972ab30');
INSERT INTO listings (id, listing, member, category) VALUES ('bbd483a2-62c4-4d73-8ee8-1fb5ebabc09c', '{"description":"this is Decor 1","price":"$1247","title":"Decor 1","location":"Santa Cruz, CA","images":["https://assets-global.website-files.com/6047b5ff5b990938b601662f/60a520695b360d1ac382fbcc_cu-2-p-1080.jpeg"],"condition":"Used - Like New","subcategory":"923f6c5a-0e1e-417e-ae90-6a04f7345ac5","decor style":"Country","date":"2021-12-02T04:37:15.299Z"}', 'fbec17cc-9d39-4bff-be43-afc60e5f80db', '01b5cbf5-7f2f-4966-b127-40efc972ab30');
INSERT INTO listings (id, listing, member, category) VALUES ('ba4dcb07-87c3-4a77-a23d-dbdbd0f4895d', '{"description":"this is Decor 2","price":"$7227","title":"Decor 2","location":"Arlington, TX","images":["https://assets-global.website-files.com/6047b5ff5b990938b601662f/60a520695b360d1ac382fbcc_cu-2-p-1080.jpeg"],"condition":"New","subcategory":"923f6c5a-0e1e-417e-ae90-6a04f7345ac5","decor style":"Vintage","date":"2021-12-02T04:37:15.300Z"}', 'fbec17cc-9d39-4bff-be43-afc60e5f80db', '01b5cbf5-7f2f-4966-b127-40efc972ab30');
INSERT INTO listings (id, listing, member, category) VALUES ('48d8f7f8-ac35-483c-955c-62c2f22c0a34', '{"description":"this is Decor 3","price":"$1050","title":"Decor 3","location":"Arlington, TX","images":["https://assets-global.website-files.com/6047b5ff5b990938b601662f/60a520695b360d1ac382fbcc_cu-2-p-1080.jpeg"],"condition":"New","subcategory":"923f6c5a-0e1e-417e-ae90-6a04f7345ac5","decor style":"Glam","date":"2021-12-02T04:37:15.300Z"}', 'fbec17cc-9d39-4bff-be43-afc60e5f80db', '01b5cbf5-7f2f-4966-b127-40efc972ab30');
INSERT INTO listings (id, listing, member, category) VALUES ('87d43682-5ca2-49cc-b77b-9e4bce4b6aec', '{"description":"this is Decor 4","price":"$5431","title":"Decor 4","location":"Santa Cruz, CA","images":["https://assets-global.website-files.com/6047b5ff5b990938b601662f/60a520695b360d1ac382fbcc_cu-2-p-1080.jpeg"],"condition":"New","subcategory":"923f6c5a-0e1e-417e-ae90-6a04f7345ac5","decor style":"Contemporary","date":"2021-12-02T04:37:15.300Z"}', 'fbec17cc-9d39-4bff-be43-afc60e5f80db', '01b5cbf5-7f2f-4966-b127-40efc972ab30');
INSERT INTO listings (id, listing, member, category) VALUES ('6dd875aa-aeac-4079-a496-deef518b4697', '{"description":"this is Musical Instruments 0","price":"$7267","title":"Musical Instruments 0","location":"Santa Cruz, CA","images":["https://assets-global.website-files.com/6047b5ff5b990938b601662f/60a520695b360d1ac382fbcc_cu-2-p-1080.jpeg"],"condition":"New","subcategory":"9d5b9886-45a0-4a22-9f57-24086b2a3cf9","date":"2021-12-02T04:37:15.300Z"}', 'fbec17cc-9d39-4bff-be43-afc60e5f80db', '16298ede-8e30-4fc2-b155-70f7c8b58847');
INSERT INTO listings (id, listing, member, category) VALUES ('095f7dd6-94d6-4f25-b0bc-667abb83446b', '{"description":"this is Musical Instruments 1","price":"$5160","title":"Musical Instruments 1","location":"Wichita, KA","images":["https://assets-global.website-files.com/6047b5ff5b990938b601662f/60a520695b360d1ac382fbcc_cu-2-p-1080.jpeg"],"condition":"Used - Good","subcategory":"12bbe4c5-d459-4643-bb9d-4706e47daf1e","date":"2021-12-02T04:37:15.300Z"}', 'a829dc0c-0e0b-4514-bf8f-47ef5864a0e0', '16298ede-8e30-4fc2-b155-70f7c8b58847');
INSERT INTO listings (id, listing, member, category) VALUES ('3be2a842-978d-408a-95c1-f0ee2f8ff34a', '{"description":"this is Musical Instruments 2","price":"$6441","title":"Musical Instruments 2","location":"Santa Cruz, CA","images":["https://assets-global.website-files.com/6047b5ff5b990938b601662f/60a520695b360d1ac382fbcc_cu-2-p-1080.jpeg"],"condition":"New","subcategory":"9d5b9886-45a0-4a22-9f57-24086b2a3cf9","date":"2021-12-02T04:37:15.300Z"}', 'fbec17cc-9d39-4bff-be43-afc60e5f80db', '16298ede-8e30-4fc2-b155-70f7c8b58847');
INSERT INTO listings (id, listing, member, category) VALUES ('5cf54b9c-adad-4947-ba06-3cf0f724cc2a', '{"description":"this is Musical Instruments 3","price":"$8148","title":"Musical Instruments 3","location":"Wichita, KA","images":["https://assets-global.website-files.com/6047b5ff5b990938b601662f/60a520695b360d1ac382fbcc_cu-2-p-1080.jpeg"],"condition":"Used - Fair","subcategory":"9d5b9886-45a0-4a22-9f57-24086b2a3cf9","date":"2021-12-02T04:37:15.300Z"}', 'a829dc0c-0e0b-4514-bf8f-47ef5864a0e0', '16298ede-8e30-4fc2-b155-70f7c8b58847');
INSERT INTO listings (id, listing, member, category) VALUES ('afd8ea32-ee70-4689-833f-7a7215c6877d', '{"description":"this is Musical Instruments 4","price":"$2929","title":"Musical Instruments 4","location":"Boise, ID","images":["https://assets-global.website-files.com/6047b5ff5b990938b601662f/60a520695b360d1ac382fbcc_cu-2-p-1080.jpeg"],"condition":"Used - Like New","subcategory":"9d5b9886-45a0-4a22-9f57-24086b2a3cf9","date":"2021-12-02T04:37:15.300Z"}', 'a829dc0c-0e0b-4514-bf8f-47ef5864a0e0', '16298ede-8e30-4fc2-b155-70f7c8b58847');
INSERT INTO listings (id, listing, member, category) VALUES ('158cac72-2461-4ad6-b58f-4dcc2c71e2ed', '{"description":"this is Drum Sets 0","price":"$5470","title":"Drum Sets 0","location":"Boise, ID","images":["https://assets-global.website-files.com/6047b5ff5b990938b601662f/60a520695b360d1ac382fbcc_cu-2-p-1080.jpeg"],"condition":"New","subcategory":"12bbe4c5-d459-4643-bb9d-4706e47daf1e","date":"2021-12-02T04:37:15.300Z"}', 'fbec17cc-9d39-4bff-be43-afc60e5f80db', '16298ede-8e30-4fc2-b155-70f7c8b58847');
INSERT INTO listings (id, listing, member, category) VALUES ('e33eb79f-c610-4f41-8a8c-f5ef790c7fb1', '{"description":"this is Drum Sets 1","price":"$4895","title":"Drum Sets 1","location":"Arlington, TX","images":["https://assets-global.website-files.com/6047b5ff5b990938b601662f/60a520695b360d1ac382fbcc_cu-2-p-1080.jpeg"],"condition":"Used - Good","subcategory":"12bbe4c5-d459-4643-bb9d-4706e47daf1e","date":"2021-12-02T04:37:15.300Z"}', 'fbec17cc-9d39-4bff-be43-afc60e5f80db', '16298ede-8e30-4fc2-b155-70f7c8b58847');
INSERT INTO listings (id, listing, member, category) VALUES ('c77671f6-1be5-47ed-a874-6b1412a456d9', '{"description":"this is Drum Sets 2","price":"$3951","title":"Drum Sets 2","location":"Boise, ID","images":["https://assets-global.website-files.com/6047b5ff5b990938b601662f/60a520695b360d1ac382fbcc_cu-2-p-1080.jpeg"],"condition":"New","subcategory":"12bbe4c5-d459-4643-bb9d-4706e47daf1e","date":"2021-12-02T04:37:15.300Z"}', 'fbec17cc-9d39-4bff-be43-afc60e5f80db', '16298ede-8e30-4fc2-b155-70f7c8b58847');
INSERT INTO listings (id, listing, member, category) VALUES ('91e81ea0-8b31-4c06-820d-3707d0a6fadd', '{"description":"this is Drum Sets 3","price":"$9625","title":"Drum Sets 3","location":"Long Beach. CA","images":["https://assets-global.website-files.com/6047b5ff5b990938b601662f/60a520695b360d1ac382fbcc_cu-2-p-1080.jpeg"],"condition":"Used - Good","subcategory":"12bbe4c5-d459-4643-bb9d-4706e47daf1e","date":"2021-12-02T04:37:15.300Z"}', 'a829dc0c-0e0b-4514-bf8f-47ef5864a0e0', '16298ede-8e30-4fc2-b155-70f7c8b58847');
INSERT INTO listings (id, listing, member, category) VALUES ('51d1857d-67ac-4fe6-8de3-9dac54ffe010', '{"description":"this is Drum Sets 4","price":"$7485","title":"Drum Sets 4","location":"Boise, ID","images":["https://assets-global.website-files.com/6047b5ff5b990938b601662f/60a520695b360d1ac382fbcc_cu-2-p-1080.jpeg"],"condition":"New","subcategory":"12bbe4c5-d459-4643-bb9d-4706e47daf1e","date":"2021-12-02T04:37:15.300Z"}', 'fbec17cc-9d39-4bff-be43-afc60e5f80db', '16298ede-8e30-4fc2-b155-70f7c8b58847');
INSERT INTO listings (id, listing, member, category) VALUES ('99772abf-aecf-4ce0-a601-37e39a291895', '{"description":"this is Guitars 0","price":"$3671","title":"Guitars 0","location":"Wichita, KA","images":["https://assets-global.website-files.com/6047b5ff5b990938b601662f/60a520695b360d1ac382fbcc_cu-2-p-1080.jpeg"],"condition":"Used - Like New","subcategory":"9d5b9886-45a0-4a22-9f57-24086b2a3cf9","date":"2021-12-02T04:37:15.300Z"}', 'a829dc0c-0e0b-4514-bf8f-47ef5864a0e0', '16298ede-8e30-4fc2-b155-70f7c8b58847');
INSERT INTO listings (id, listing, member, category) VALUES ('c473ed35-6195-4b79-b978-81565bed6972', '{"description":"this is Guitars 1","price":"$8419","title":"Guitars 1","location":"Boise, ID","images":["https://assets-global.website-files.com/6047b5ff5b990938b601662f/60a520695b360d1ac382fbcc_cu-2-p-1080.jpeg"],"condition":"New","subcategory":"9d5b9886-45a0-4a22-9f57-24086b2a3cf9","date":"2021-12-02T04:37:15.300Z"}', 'fbec17cc-9d39-4bff-be43-afc60e5f80db', '16298ede-8e30-4fc2-b155-70f7c8b58847');
INSERT INTO listings (id, listing, member, category) VALUES ('b9c3379f-b990-4baf-b726-9bd10d0996e0', '{"description":"this is Guitars 2","price":"$7136","title":"Guitars 2","location":"Boise, ID","images":["https://assets-global.website-files.com/6047b5ff5b990938b601662f/60a520695b360d1ac382fbcc_cu-2-p-1080.jpeg"],"condition":"Used - Like New","subcategory":"9d5b9886-45a0-4a22-9f57-24086b2a3cf9","date":"2021-12-02T04:37:15.300Z"}', 'a829dc0c-0e0b-4514-bf8f-47ef5864a0e0', '16298ede-8e30-4fc2-b155-70f7c8b58847');
INSERT INTO listings (id, listing, member, category) VALUES ('b18ed652-88fc-47ac-b848-5c23a29c472c', '{"description":"this is Guitars 3","price":"$7809","title":"Guitars 3","location":"Boise, ID","images":["https://assets-global.website-files.com/6047b5ff5b990938b601662f/60a520695b360d1ac382fbcc_cu-2-p-1080.jpeg"],"condition":"Used - Fair","subcategory":"9d5b9886-45a0-4a22-9f57-24086b2a3cf9","date":"2021-12-02T04:37:15.300Z"}', 'fbec17cc-9d39-4bff-be43-afc60e5f80db', '16298ede-8e30-4fc2-b155-70f7c8b58847');
INSERT INTO listings (id, listing, member, category) VALUES ('2f184f7b-de58-49d6-afbd-077861bf497f', '{"description":"this is Guitars 4","price":"$1180","title":"Guitars 4","location":"Arlington, TX","images":["https://assets-global.website-files.com/6047b5ff5b990938b601662f/60a520695b360d1ac382fbcc_cu-2-p-1080.jpeg"],"condition":"Used - Fair","subcategory":"9d5b9886-45a0-4a22-9f57-24086b2a3cf9","date":"2021-12-02T04:37:15.300Z"}', 'a829dc0c-0e0b-4514-bf8f-47ef5864a0e0', '16298ede-8e30-4fc2-b155-70f7c8b58847');
INSERT INTO listings (id, listing, member, category) VALUES ('97afda6a-843a-468d-9a2f-56c7ba56b43f', '{"description":"this is Music Accessories 0","price":"$5319","title":"Music Accessories 0","location":"Wichita, KA","images":["https://assets-global.website-files.com/6047b5ff5b990938b601662f/60a520695b360d1ac382fbcc_cu-2-p-1080.jpeg"],"condition":"Used - Good","subcategory":"b26a8595-3eae-4669-9a6e-0c43475aa30b","date":"2021-12-02T04:37:15.300Z"}', 'a829dc0c-0e0b-4514-bf8f-47ef5864a0e0', '16298ede-8e30-4fc2-b155-70f7c8b58847');
INSERT INTO listings (id, listing, member, category) VALUES ('7c1fc06a-af99-45b1-8c02-c4b326eab5b9', '{"description":"this is Music Accessories 1","price":"$2756","title":"Music Accessories 1","location":"Long Beach. CA","images":["https://assets-global.website-files.com/6047b5ff5b990938b601662f/60a520695b360d1ac382fbcc_cu-2-p-1080.jpeg"],"condition":"Used - Good","subcategory":"b26a8595-3eae-4669-9a6e-0c43475aa30b","date":"2021-12-02T04:37:15.300Z"}', 'a829dc0c-0e0b-4514-bf8f-47ef5864a0e0', '16298ede-8e30-4fc2-b155-70f7c8b58847');
INSERT INTO listings (id, listing, member, category) VALUES ('b3d99548-2385-43d3-861f-cbd4e5a52072', '{"description":"this is Music Accessories 2","price":"$675","title":"Music Accessories 2","location":"Wichita, KA","images":["https://assets-global.website-files.com/6047b5ff5b990938b601662f/60a520695b360d1ac382fbcc_cu-2-p-1080.jpeg"],"condition":"Used - Fair","subcategory":"b26a8595-3eae-4669-9a6e-0c43475aa30b","date":"2021-12-02T04:37:15.300Z"}', 'a829dc0c-0e0b-4514-bf8f-47ef5864a0e0', '16298ede-8e30-4fc2-b155-70f7c8b58847');
INSERT INTO listings (id, listing, member, category) VALUES ('80d7db08-90cc-4aff-beb1-aa7ea4be56eb', '{"description":"this is Music Accessories 3","price":"$552","title":"Music Accessories 3","location":"Santa Cruz, CA","images":["https://assets-global.website-files.com/6047b5ff5b990938b601662f/60a520695b360d1ac382fbcc_cu-2-p-1080.jpeg"],"condition":"Used - Fair","subcategory":"b26a8595-3eae-4669-9a6e-0c43475aa30b","date":"2021-12-02T04:37:15.300Z"}', 'fbec17cc-9d39-4bff-be43-afc60e5f80db', '16298ede-8e30-4fc2-b155-70f7c8b58847');
INSERT INTO listings (id, listing, member, category) VALUES ('4db2ee7a-0eda-4ee4-9aa1-0f747d7d2377', '{"description":"this is Music Accessories 4","price":"$2180","title":"Music Accessories 4","location":"Santa Cruz, CA","images":["https://assets-global.website-files.com/6047b5ff5b990938b601662f/60a520695b360d1ac382fbcc_cu-2-p-1080.jpeg"],"condition":"Used - Good","subcategory":"b26a8595-3eae-4669-9a6e-0c43475aa30b","date":"2021-12-02T04:37:15.300Z"}', 'a829dc0c-0e0b-4514-bf8f-47ef5864a0e0', '16298ede-8e30-4fc2-b155-70f7c8b58847');
INSERT INTO listings (id, listing, member, category) VALUES ('5bc7302e-57b0-490c-827a-ef3d28d398d8', '{"description":"this is Office Supplies 0","price":"$7130","title":"Office Supplies 0","location":"Santa Cruz, CA","images":["https://assets-global.website-files.com/6047b5ff5b990938b601662f/60a520695b360d1ac382fbcc_cu-2-p-1080.jpeg"],"condition":"Used - Good","subcategory":"70c08b95-9253-4bf2-94b1-9de73e5bdd99","date":"2021-12-02T04:37:15.301Z"}', 'a829dc0c-0e0b-4514-bf8f-47ef5864a0e0', '316625b1-e43b-4b9e-89fb-1a6c2eb42da0');
INSERT INTO listings (id, listing, member, category) VALUES ('f042aad8-8642-4874-978e-a49335a451fd', '{"description":"this is Office Supplies 1","price":"$7378","title":"Office Supplies 1","location":"Arlington, TX","images":["https://assets-global.website-files.com/6047b5ff5b990938b601662f/60a520695b360d1ac382fbcc_cu-2-p-1080.jpeg"],"condition":"Used - Like New","subcategory":"4939d57c-1f4b-46ae-a774-149a59d6ffc5","date":"2021-12-02T04:37:15.301Z"}', 'fbec17cc-9d39-4bff-be43-afc60e5f80db', '316625b1-e43b-4b9e-89fb-1a6c2eb42da0');
INSERT INTO listings (id, listing, member, category) VALUES ('2cf8fb9e-481e-4f6f-8fd1-646d17d95d0b', '{"description":"this is Office Supplies 2","price":"$7820","title":"Office Supplies 2","location":"Boise, ID","images":["https://assets-global.website-files.com/6047b5ff5b990938b601662f/60a520695b360d1ac382fbcc_cu-2-p-1080.jpeg"],"condition":"Used - Like New","subcategory":"4939d57c-1f4b-46ae-a774-149a59d6ffc5","date":"2021-12-02T04:37:15.301Z"}', 'a829dc0c-0e0b-4514-bf8f-47ef5864a0e0', '316625b1-e43b-4b9e-89fb-1a6c2eb42da0');
INSERT INTO listings (id, listing, member, category) VALUES ('99cb8923-6282-4511-996f-8d58cc73a78c', '{"description":"this is Office Supplies 3","price":"$8493","title":"Office Supplies 3","location":"Boise, ID","images":["https://assets-global.website-files.com/6047b5ff5b990938b601662f/60a520695b360d1ac382fbcc_cu-2-p-1080.jpeg"],"condition":"Used - Fair","subcategory":"4939d57c-1f4b-46ae-a774-149a59d6ffc5","date":"2021-12-02T04:37:15.301Z"}', 'a829dc0c-0e0b-4514-bf8f-47ef5864a0e0', '316625b1-e43b-4b9e-89fb-1a6c2eb42da0');
INSERT INTO listings (id, listing, member, category) VALUES ('817e8c6f-d413-4810-9529-802cc42bb6d1', '{"description":"this is Office Supplies 4","price":"$1912","title":"Office Supplies 4","location":"Santa Cruz, CA","images":["https://assets-global.website-files.com/6047b5ff5b990938b601662f/60a520695b360d1ac382fbcc_cu-2-p-1080.jpeg"],"condition":"Used - Fair","subcategory":"4939d57c-1f4b-46ae-a774-149a59d6ffc5","date":"2021-12-02T04:37:15.301Z"}', 'fbec17cc-9d39-4bff-be43-afc60e5f80db', '316625b1-e43b-4b9e-89fb-1a6c2eb42da0');
INSERT INTO listings (id, listing, member, category) VALUES ('5675cfb3-8fa6-481b-9fef-38e72f9aa752', '{"description":"this is Bubble Wrap 0","price":"$695","title":"Bubble Wrap 0","location":"Wichita, KA","images":["https://assets-global.website-files.com/6047b5ff5b990938b601662f/60a520695b360d1ac382fbcc_cu-2-p-1080.jpeg"],"condition":"Used - Good","subcategory":"70c08b95-9253-4bf2-94b1-9de73e5bdd99","date":"2021-12-02T04:37:15.301Z"}', 'fbec17cc-9d39-4bff-be43-afc60e5f80db', '316625b1-e43b-4b9e-89fb-1a6c2eb42da0');
INSERT INTO listings (id, listing, member, category) VALUES ('0a1c0ad1-1001-4913-bc38-9ca30426951e', '{"description":"this is Bubble Wrap 1","price":"$9060","title":"Bubble Wrap 1","location":"Boise, ID","images":["https://assets-global.website-files.com/6047b5ff5b990938b601662f/60a520695b360d1ac382fbcc_cu-2-p-1080.jpeg"],"condition":"Used - Good","subcategory":"70c08b95-9253-4bf2-94b1-9de73e5bdd99","date":"2021-12-02T04:37:15.301Z"}', 'fbec17cc-9d39-4bff-be43-afc60e5f80db', '316625b1-e43b-4b9e-89fb-1a6c2eb42da0');
INSERT INTO listings (id, listing, member, category) VALUES ('de991210-0612-4964-b79f-eae194e5987d', '{"description":"this is Bubble Wrap 2","price":"$6643","title":"Bubble Wrap 2","location":"Santa Cruz, CA","images":["https://assets-global.website-files.com/6047b5ff5b990938b601662f/60a520695b360d1ac382fbcc_cu-2-p-1080.jpeg"],"condition":"New","subcategory":"70c08b95-9253-4bf2-94b1-9de73e5bdd99","date":"2021-12-02T04:37:15.301Z"}', 'a829dc0c-0e0b-4514-bf8f-47ef5864a0e0', '316625b1-e43b-4b9e-89fb-1a6c2eb42da0');
INSERT INTO listings (id, listing, member, category) VALUES ('4df78e3f-42e0-4ff3-9153-6739d77ccc52', '{"description":"this is Bubble Wrap 3","price":"$4185","title":"Bubble Wrap 3","location":"Long Beach. CA","images":["https://assets-global.website-files.com/6047b5ff5b990938b601662f/60a520695b360d1ac382fbcc_cu-2-p-1080.jpeg"],"condition":"Used - Fair","subcategory":"70c08b95-9253-4bf2-94b1-9de73e5bdd99","date":"2021-12-02T04:37:15.301Z"}', 'fbec17cc-9d39-4bff-be43-afc60e5f80db', '316625b1-e43b-4b9e-89fb-1a6c2eb42da0');
INSERT INTO listings (id, listing, member, category) VALUES ('be17fc86-bd5a-41f2-8e19-965c3aa49664', '{"description":"this is Bubble Wrap 4","price":"$3248","title":"Bubble Wrap 4","location":"Boise, ID","images":["https://assets-global.website-files.com/6047b5ff5b990938b601662f/60a520695b360d1ac382fbcc_cu-2-p-1080.jpeg"],"condition":"New","subcategory":"70c08b95-9253-4bf2-94b1-9de73e5bdd99","date":"2021-12-02T04:37:15.301Z"}', 'fbec17cc-9d39-4bff-be43-afc60e5f80db', '316625b1-e43b-4b9e-89fb-1a6c2eb42da0');
INSERT INTO listings (id, listing, member, category) VALUES ('0bb9acbd-b736-4fbe-9eae-57d8f2d42fe1', '{"description":"this is Whiteboards 0","price":"$1620","title":"Whiteboards 0","location":"Wichita, KA","images":["https://assets-global.website-files.com/6047b5ff5b990938b601662f/60a520695b360d1ac382fbcc_cu-2-p-1080.jpeg"],"condition":"New","subcategory":"4939d57c-1f4b-46ae-a774-149a59d6ffc5","date":"2021-12-02T04:37:15.301Z"}', 'a829dc0c-0e0b-4514-bf8f-47ef5864a0e0', '316625b1-e43b-4b9e-89fb-1a6c2eb42da0');
INSERT INTO listings (id, listing, member, category) VALUES ('acb71977-8fa2-49f4-b4ff-4e1911ee20ac', '{"description":"this is Whiteboards 1","price":"$6009","title":"Whiteboards 1","location":"Wichita, KA","images":["https://assets-global.website-files.com/6047b5ff5b990938b601662f/60a520695b360d1ac382fbcc_cu-2-p-1080.jpeg"],"condition":"Used - Fair","subcategory":"4939d57c-1f4b-46ae-a774-149a59d6ffc5","date":"2021-12-02T04:37:15.301Z"}', 'fbec17cc-9d39-4bff-be43-afc60e5f80db', '316625b1-e43b-4b9e-89fb-1a6c2eb42da0');
INSERT INTO listings (id, listing, member, category) VALUES ('a8185846-1b1e-426d-b62a-8cf76d93760a', '{"description":"this is Whiteboards 2","price":"$4296","title":"Whiteboards 2","location":"Boise, ID","images":["https://assets-global.website-files.com/6047b5ff5b990938b601662f/60a520695b360d1ac382fbcc_cu-2-p-1080.jpeg"],"condition":"Used - Good","subcategory":"4939d57c-1f4b-46ae-a774-149a59d6ffc5","date":"2021-12-02T04:37:15.301Z"}', 'a829dc0c-0e0b-4514-bf8f-47ef5864a0e0', '316625b1-e43b-4b9e-89fb-1a6c2eb42da0');
INSERT INTO listings (id, listing, member, category) VALUES ('d4faf94f-80e4-44d4-94f9-d0ed1f588d62', '{"description":"this is Whiteboards 3","price":"$5027","title":"Whiteboards 3","location":"Santa Cruz, CA","images":["https://assets-global.website-files.com/6047b5ff5b990938b601662f/60a520695b360d1ac382fbcc_cu-2-p-1080.jpeg"],"condition":"Used - Fair","subcategory":"4939d57c-1f4b-46ae-a774-149a59d6ffc5","date":"2021-12-02T04:37:15.301Z"}', 'fbec17cc-9d39-4bff-be43-afc60e5f80db', '316625b1-e43b-4b9e-89fb-1a6c2eb42da0');
INSERT INTO listings (id, listing, member, category) VALUES ('6d9c03ed-940b-46dc-b0a3-0c575fcc7f7c', '{"description":"this is Whiteboards 4","price":"$1072","title":"Whiteboards 4","location":"Boise, ID","images":["https://assets-global.website-files.com/6047b5ff5b990938b601662f/60a520695b360d1ac382fbcc_cu-2-p-1080.jpeg"],"condition":"Used - Good","subcategory":"4939d57c-1f4b-46ae-a774-149a59d6ffc5","date":"2021-12-02T04:37:15.301Z"}', 'fbec17cc-9d39-4bff-be43-afc60e5f80db', '316625b1-e43b-4b9e-89fb-1a6c2eb42da0');
INSERT INTO listings (id, listing, member, category) VALUES ('3ad61ddd-bf8a-4c00-9e7e-8a14d49744b2', '{"description":"this is Pet Supplies 0","price":"$1800","title":"Pet Supplies 0","location":"Boise, ID","images":["https://assets-global.website-files.com/6047b5ff5b990938b601662f/60a520695b360d1ac382fbcc_cu-2-p-1080.jpeg"],"condition":"Used - Fair","subcategory":"d70265bb-5ab4-4dbb-9b7e-1160b4e88eaa","brand":"Chaco","date":"2021-12-02T04:37:15.301Z"}', 'a829dc0c-0e0b-4514-bf8f-47ef5864a0e0', '2bef0864-bf83-4492-9bde-6b8d2b60cdea');
INSERT INTO listings (id, listing, member, category) VALUES ('c7075a89-aa8c-4970-bd53-f981d77a6226', '{"description":"this is Pet Supplies 1","price":"$7967","title":"Pet Supplies 1","location":"Boise, ID","images":["https://assets-global.website-files.com/6047b5ff5b990938b601662f/60a520695b360d1ac382fbcc_cu-2-p-1080.jpeg"],"condition":"Used - Fair","subcategory":"4eb5dbd2-db26-4db5-bc23-2196fda2b614","brand":"Chaco","date":"2021-12-02T04:37:15.301Z"}', 'a829dc0c-0e0b-4514-bf8f-47ef5864a0e0', '2bef0864-bf83-4492-9bde-6b8d2b60cdea');
INSERT INTO listings (id, listing, member, category) VALUES ('e846d12d-73b1-44b2-a3a8-a78f6267d998', '{"description":"this is Pet Supplies 2","price":"$6944","title":"Pet Supplies 2","location":"Boise, ID","images":["https://assets-global.website-files.com/6047b5ff5b990938b601662f/60a520695b360d1ac382fbcc_cu-2-p-1080.jpeg"],"condition":"Used - Good","subcategory":"d70265bb-5ab4-4dbb-9b7e-1160b4e88eaa","brand":"Chaco","date":"2021-12-02T04:37:15.301Z"}', 'a829dc0c-0e0b-4514-bf8f-47ef5864a0e0', '2bef0864-bf83-4492-9bde-6b8d2b60cdea');
INSERT INTO listings (id, listing, member, category) VALUES ('5dd3a46b-90da-4689-b3ee-141d43b4201b', '{"description":"this is Pet Supplies 3","price":"$9218","title":"Pet Supplies 3","location":"Boise, ID","images":["https://assets-global.website-files.com/6047b5ff5b990938b601662f/60a520695b360d1ac382fbcc_cu-2-p-1080.jpeg"],"condition":"Used - Like New","subcategory":"d70265bb-5ab4-4dbb-9b7e-1160b4e88eaa","brand":"Chaco","date":"2021-12-02T04:37:15.301Z"}', 'a829dc0c-0e0b-4514-bf8f-47ef5864a0e0', '2bef0864-bf83-4492-9bde-6b8d2b60cdea');
INSERT INTO listings (id, listing, member, category) VALUES ('12ab02e2-4281-49b4-a5a9-656cfce38139', '{"description":"this is Pet Supplies 4","price":"$9190","title":"Pet Supplies 4","location":"Long Beach. CA","images":["https://assets-global.website-files.com/6047b5ff5b990938b601662f/60a520695b360d1ac382fbcc_cu-2-p-1080.jpeg"],"condition":"New","subcategory":"4eb5dbd2-db26-4db5-bc23-2196fda2b614","brand":"Chaco","date":"2021-12-02T04:37:15.302Z"}', 'fbec17cc-9d39-4bff-be43-afc60e5f80db', '2bef0864-bf83-4492-9bde-6b8d2b60cdea');
INSERT INTO listings (id, listing, member, category) VALUES ('a0295578-c945-4e0c-b291-b91c6283ee50', '{"description":"this is Cat Supplies 0","price":"$1785","title":"Cat Supplies 0","location":"Wichita, KA","images":["https://assets-global.website-files.com/6047b5ff5b990938b601662f/60a520695b360d1ac382fbcc_cu-2-p-1080.jpeg"],"condition":"Used - Good","subcategory":"d70265bb-5ab4-4dbb-9b7e-1160b4e88eaa","date":"2021-12-02T04:37:15.302Z"}', 'fbec17cc-9d39-4bff-be43-afc60e5f80db', '2bef0864-bf83-4492-9bde-6b8d2b60cdea');
INSERT INTO listings (id, listing, member, category) VALUES ('a0647f92-3a80-48f2-a9a0-e95a36347d4b', '{"description":"this is Cat Supplies 1","price":"$3872","title":"Cat Supplies 1","location":"Wichita, KA","images":["https://assets-global.website-files.com/6047b5ff5b990938b601662f/60a520695b360d1ac382fbcc_cu-2-p-1080.jpeg"],"condition":"Used - Good","subcategory":"d70265bb-5ab4-4dbb-9b7e-1160b4e88eaa","date":"2021-12-02T04:37:15.302Z"}', 'fbec17cc-9d39-4bff-be43-afc60e5f80db', '2bef0864-bf83-4492-9bde-6b8d2b60cdea');
INSERT INTO listings (id, listing, member, category) VALUES ('53e8e95f-25ea-46a1-a4c7-d3f4336089b9', '{"description":"this is Cat Supplies 2","price":"$4648","title":"Cat Supplies 2","location":"Boise, ID","images":["https://assets-global.website-files.com/6047b5ff5b990938b601662f/60a520695b360d1ac382fbcc_cu-2-p-1080.jpeg"],"condition":"Used - Like New","subcategory":"d70265bb-5ab4-4dbb-9b7e-1160b4e88eaa","date":"2021-12-02T04:37:15.302Z"}', 'fbec17cc-9d39-4bff-be43-afc60e5f80db', '2bef0864-bf83-4492-9bde-6b8d2b60cdea');
INSERT INTO listings (id, listing, member, category) VALUES ('aa5bd61b-8b5a-4b90-85f8-9fd2b6c75819', '{"description":"this is Cat Supplies 3","price":"$647","title":"Cat Supplies 3","location":"Santa Cruz, CA","images":["https://assets-global.website-files.com/6047b5ff5b990938b601662f/60a520695b360d1ac382fbcc_cu-2-p-1080.jpeg"],"condition":"Used - Fair","subcategory":"d70265bb-5ab4-4dbb-9b7e-1160b4e88eaa","date":"2021-12-02T04:37:15.302Z"}', 'fbec17cc-9d39-4bff-be43-afc60e5f80db', '2bef0864-bf83-4492-9bde-6b8d2b60cdea');
INSERT INTO listings (id, listing, member, category) VALUES ('1863951c-2ed7-4e62-9928-1ed7256e84dd', '{"description":"this is Cat Supplies 4","price":"$5947","title":"Cat Supplies 4","location":"Santa Cruz, CA","images":["https://assets-global.website-files.com/6047b5ff5b990938b601662f/60a520695b360d1ac382fbcc_cu-2-p-1080.jpeg"],"condition":"Used - Like New","subcategory":"d70265bb-5ab4-4dbb-9b7e-1160b4e88eaa","date":"2021-12-02T04:37:15.302Z"}', 'fbec17cc-9d39-4bff-be43-afc60e5f80db', '2bef0864-bf83-4492-9bde-6b8d2b60cdea');
INSERT INTO listings (id, listing, member, category) VALUES ('0a1420d8-3d89-4c2d-abd7-018b87c1c4a3', '{"description":"this is Dog Supplies 0","price":"$4674","title":"Dog Supplies 0","location":"Arlington, TX","images":["https://assets-global.website-files.com/6047b5ff5b990938b601662f/60a520695b360d1ac382fbcc_cu-2-p-1080.jpeg"],"condition":"Used - Fair","subcategory":"4eb5dbd2-db26-4db5-bc23-2196fda2b614","date":"2021-12-02T04:37:15.303Z"}', 'fbec17cc-9d39-4bff-be43-afc60e5f80db', '2bef0864-bf83-4492-9bde-6b8d2b60cdea');
INSERT INTO listings (id, listing, member, category) VALUES ('4748062e-d7d0-407a-bb6b-4cb886cd210e', '{"description":"this is Dog Supplies 1","price":"$9130","title":"Dog Supplies 1","location":"Boise, ID","images":["https://assets-global.website-files.com/6047b5ff5b990938b601662f/60a520695b360d1ac382fbcc_cu-2-p-1080.jpeg"],"condition":"Used - Good","subcategory":"4eb5dbd2-db26-4db5-bc23-2196fda2b614","date":"2021-12-02T04:37:15.303Z"}', 'fbec17cc-9d39-4bff-be43-afc60e5f80db', '2bef0864-bf83-4492-9bde-6b8d2b60cdea');
INSERT INTO listings (id, listing, member, category) VALUES ('66605837-5899-4b07-a583-b196afe5a678', '{"description":"this is Dog Supplies 2","price":"$3930","title":"Dog Supplies 2","location":"Arlington, TX","images":["https://assets-global.website-files.com/6047b5ff5b990938b601662f/60a520695b360d1ac382fbcc_cu-2-p-1080.jpeg"],"condition":"Used - Like New","subcategory":"4eb5dbd2-db26-4db5-bc23-2196fda2b614","date":"2021-12-02T04:37:15.303Z"}', 'fbec17cc-9d39-4bff-be43-afc60e5f80db', '2bef0864-bf83-4492-9bde-6b8d2b60cdea');
INSERT INTO listings (id, listing, member, category) VALUES ('edee8529-2307-427b-ab1d-2166636ee382', '{"description":"this is Dog Supplies 3","price":"$4338","title":"Dog Supplies 3","location":"Wichita, KA","images":["https://assets-global.website-files.com/6047b5ff5b990938b601662f/60a520695b360d1ac382fbcc_cu-2-p-1080.jpeg"],"condition":"Used - Good","subcategory":"4eb5dbd2-db26-4db5-bc23-2196fda2b614","date":"2021-12-02T04:37:15.303Z"}', 'fbec17cc-9d39-4bff-be43-afc60e5f80db', '2bef0864-bf83-4492-9bde-6b8d2b60cdea');
INSERT INTO listings (id, listing, member, category) VALUES ('e0070f32-c37d-4a40-8d7b-1ff4bdb627e7', '{"description":"this is Dog Supplies 4","price":"$7086","title":"Dog Supplies 4","location":"Santa Cruz, CA","images":["https://assets-global.website-files.com/6047b5ff5b990938b601662f/60a520695b360d1ac382fbcc_cu-2-p-1080.jpeg"],"condition":"New","subcategory":"4eb5dbd2-db26-4db5-bc23-2196fda2b614","date":"2021-12-02T04:37:15.303Z"}', 'a829dc0c-0e0b-4514-bf8f-47ef5864a0e0', '2bef0864-bf83-4492-9bde-6b8d2b60cdea');
INSERT INTO listings (id, listing, member, category) VALUES ('a826d705-87d9-4851-86d0-6449ffac4609', '{"description":"this is Sporting Goods 0","price":"$6708","title":"Sporting Goods 0","location":"Santa Cruz, CA","images":["https://assets-global.website-files.com/6047b5ff5b990938b601662f/60a520695b360d1ac382fbcc_cu-2-p-1080.jpeg"],"condition":"Used - Good","subcategory":"db401fc1-ef12-4854-be00-c7313331e0ff","date":"2021-12-02T04:37:15.304Z"}', 'fbec17cc-9d39-4bff-be43-afc60e5f80db', '76f5620c-7300-4cb6-824d-78d88af8aa62');
INSERT INTO listings (id, listing, member, category) VALUES ('10d60586-77c3-4763-8532-67bec9292527', '{"description":"this is Sporting Goods 1","price":"$4733","title":"Sporting Goods 1","location":"Boise, ID","images":["https://assets-global.website-files.com/6047b5ff5b990938b601662f/60a520695b360d1ac382fbcc_cu-2-p-1080.jpeg"],"condition":"Used - Fair","subcategory":"db401fc1-ef12-4854-be00-c7313331e0ff","date":"2021-12-02T04:37:15.304Z"}', 'a829dc0c-0e0b-4514-bf8f-47ef5864a0e0', '76f5620c-7300-4cb6-824d-78d88af8aa62');
INSERT INTO listings (id, listing, member, category) VALUES ('3b20b014-6d04-451f-8471-f1cf19a27f56', '{"description":"this is Sporting Goods 2","price":"$805","title":"Sporting Goods 2","location":"Santa Cruz, CA","images":["https://assets-global.website-files.com/6047b5ff5b990938b601662f/60a520695b360d1ac382fbcc_cu-2-p-1080.jpeg"],"condition":"Used - Good","subcategory":"368fb903-c3bc-4d8e-a9c2-a80be7c32ffe","date":"2021-12-02T04:37:15.304Z"}', 'a829dc0c-0e0b-4514-bf8f-47ef5864a0e0', '76f5620c-7300-4cb6-824d-78d88af8aa62');
INSERT INTO listings (id, listing, member, category) VALUES ('786e6b4e-f84f-4382-a0e4-d07233e25ee5', '{"description":"this is Sporting Goods 3","price":"$4139","title":"Sporting Goods 3","location":"Wichita, KA","images":["https://assets-global.website-files.com/6047b5ff5b990938b601662f/60a520695b360d1ac382fbcc_cu-2-p-1080.jpeg"],"condition":"Used - Good","subcategory":"368fb903-c3bc-4d8e-a9c2-a80be7c32ffe","date":"2021-12-02T04:37:15.304Z"}', 'a829dc0c-0e0b-4514-bf8f-47ef5864a0e0', '76f5620c-7300-4cb6-824d-78d88af8aa62');
INSERT INTO listings (id, listing, member, category) VALUES ('16220768-cfac-45c3-85a9-821bb4c658d1', '{"description":"this is Sporting Goods 4","price":"$764","title":"Sporting Goods 4","location":"Wichita, KA","images":["https://assets-global.website-files.com/6047b5ff5b990938b601662f/60a520695b360d1ac382fbcc_cu-2-p-1080.jpeg"],"condition":"New","subcategory":"368fb903-c3bc-4d8e-a9c2-a80be7c32ffe","date":"2021-12-02T04:37:15.304Z"}', 'a829dc0c-0e0b-4514-bf8f-47ef5864a0e0', '76f5620c-7300-4cb6-824d-78d88af8aa62');
INSERT INTO listings (id, listing, member, category) VALUES ('57eb46fd-3579-4764-b20c-f7adc5e0f15a', '{"description":"this is Indoor 0","price":"$8686","title":"Indoor 0","location":"Wichita, KA","images":["https://assets-global.website-files.com/6047b5ff5b990938b601662f/60a520695b360d1ac382fbcc_cu-2-p-1080.jpeg"],"condition":"Used - Like New","subcategory":"db401fc1-ef12-4854-be00-c7313331e0ff","date":"2021-12-02T04:37:15.304Z"}', 'fbec17cc-9d39-4bff-be43-afc60e5f80db', '76f5620c-7300-4cb6-824d-78d88af8aa62');
INSERT INTO listings (id, listing, member, category) VALUES ('8e623a8c-9b9d-401d-a39c-36e417b37f3c', '{"description":"this is Indoor 1","price":"$375","title":"Indoor 1","location":"Boise, ID","images":["https://assets-global.website-files.com/6047b5ff5b990938b601662f/60a520695b360d1ac382fbcc_cu-2-p-1080.jpeg"],"condition":"Used - Good","subcategory":"db401fc1-ef12-4854-be00-c7313331e0ff","date":"2021-12-02T04:37:15.304Z"}', 'a829dc0c-0e0b-4514-bf8f-47ef5864a0e0', '76f5620c-7300-4cb6-824d-78d88af8aa62');
INSERT INTO listings (id, listing, member, category) VALUES ('40e6eca5-8a41-45fa-b045-002ec56ad0d7', '{"description":"this is Indoor 2","price":"$5256","title":"Indoor 2","location":"Long Beach. CA","images":["https://assets-global.website-files.com/6047b5ff5b990938b601662f/60a520695b360d1ac382fbcc_cu-2-p-1080.jpeg"],"condition":"Used - Like New","subcategory":"db401fc1-ef12-4854-be00-c7313331e0ff","date":"2021-12-02T04:37:15.304Z"}', 'a829dc0c-0e0b-4514-bf8f-47ef5864a0e0', '76f5620c-7300-4cb6-824d-78d88af8aa62');
INSERT INTO listings (id, listing, member, category) VALUES ('0df83509-3d92-414a-ae2f-d82630d0ee68', '{"description":"this is Indoor 3","price":"$9345","title":"Indoor 3","location":"Arlington, TX","images":["https://assets-global.website-files.com/6047b5ff5b990938b601662f/60a520695b360d1ac382fbcc_cu-2-p-1080.jpeg"],"condition":"New","subcategory":"db401fc1-ef12-4854-be00-c7313331e0ff","date":"2021-12-02T04:37:15.304Z"}', 'a829dc0c-0e0b-4514-bf8f-47ef5864a0e0', '76f5620c-7300-4cb6-824d-78d88af8aa62');
INSERT INTO listings (id, listing, member, category) VALUES ('116a8368-1f42-4d15-8ffe-6f3454c49e4f', '{"description":"this is Indoor 4","price":"$1332","title":"Indoor 4","location":"Arlington, TX","images":["https://assets-global.website-files.com/6047b5ff5b990938b601662f/60a520695b360d1ac382fbcc_cu-2-p-1080.jpeg"],"condition":"Used - Fair","subcategory":"db401fc1-ef12-4854-be00-c7313331e0ff","date":"2021-12-02T04:37:15.304Z"}', 'fbec17cc-9d39-4bff-be43-afc60e5f80db', '76f5620c-7300-4cb6-824d-78d88af8aa62');
INSERT INTO listings (id, listing, member, category) VALUES ('17f6e728-5a85-4cd5-bcdc-250eee88143f', '{"description":"this is Outdoor 0","price":"$9480","title":"Outdoor 0","location":"Boise, ID","images":["https://assets-global.website-files.com/6047b5ff5b990938b601662f/60a520695b360d1ac382fbcc_cu-2-p-1080.jpeg"],"condition":"New","subcategory":"368fb903-c3bc-4d8e-a9c2-a80be7c32ffe","date":"2021-12-02T04:37:15.304Z"}', 'a829dc0c-0e0b-4514-bf8f-47ef5864a0e0', '76f5620c-7300-4cb6-824d-78d88af8aa62');
INSERT INTO listings (id, listing, member, category) VALUES ('3e6bf81c-3476-48f6-8580-135dffc67e9b', '{"description":"this is Outdoor 1","price":"$5105","title":"Outdoor 1","location":"Wichita, KA","images":["https://assets-global.website-files.com/6047b5ff5b990938b601662f/60a520695b360d1ac382fbcc_cu-2-p-1080.jpeg"],"condition":"Used - Good","subcategory":"368fb903-c3bc-4d8e-a9c2-a80be7c32ffe","date":"2021-12-02T04:37:15.304Z"}', 'a829dc0c-0e0b-4514-bf8f-47ef5864a0e0', '76f5620c-7300-4cb6-824d-78d88af8aa62');
INSERT INTO listings (id, listing, member, category) VALUES ('78947de5-316d-44a3-86bd-087e8e02de2e', '{"description":"this is Outdoor 2","price":"$2930","title":"Outdoor 2","location":"Santa Cruz, CA","images":["https://assets-global.website-files.com/6047b5ff5b990938b601662f/60a520695b360d1ac382fbcc_cu-2-p-1080.jpeg"],"condition":"Used - Good","subcategory":"368fb903-c3bc-4d8e-a9c2-a80be7c32ffe","date":"2021-12-02T04:37:15.304Z"}', 'a829dc0c-0e0b-4514-bf8f-47ef5864a0e0', '76f5620c-7300-4cb6-824d-78d88af8aa62');
INSERT INTO listings (id, listing, member, category) VALUES ('f931a6c2-d1f6-4bb5-b839-bfb655e3eecd', '{"description":"this is Outdoor 3","price":"$3832","title":"Outdoor 3","location":"Arlington, TX","images":["https://assets-global.website-files.com/6047b5ff5b990938b601662f/60a520695b360d1ac382fbcc_cu-2-p-1080.jpeg"],"condition":"New","subcategory":"368fb903-c3bc-4d8e-a9c2-a80be7c32ffe","date":"2021-12-02T04:37:15.304Z"}', 'fbec17cc-9d39-4bff-be43-afc60e5f80db', '76f5620c-7300-4cb6-824d-78d88af8aa62');
INSERT INTO listings (id, listing, member, category) VALUES ('b9dfee5b-ee72-4825-a3ba-a777839c040a', '{"description":"this is Outdoor 4","price":"$4071","title":"Outdoor 4","location":"Wichita, KA","images":["https://assets-global.website-files.com/6047b5ff5b990938b601662f/60a520695b360d1ac382fbcc_cu-2-p-1080.jpeg"],"condition":"New","subcategory":"368fb903-c3bc-4d8e-a9c2-a80be7c32ffe","date":"2021-12-02T04:37:15.304Z"}', 'fbec17cc-9d39-4bff-be43-afc60e5f80db', '76f5620c-7300-4cb6-824d-78d88af8aa62');
INSERT INTO responses (id, listing, response) VALUES ('23e66104-bbdc-468f-8c44-9071b8e227db', '17f6e728-5a85-4cd5-bcdc-250eee88143f', '{"firstname": "Bob", "text": "this is a random response"}');
INSERT INTO responses (id, listing, response) VALUES ('e0a0e9cf-a2f9-4b73-a483-0c6a3d830446', '8e623a8c-9b9d-401d-a39c-36e417b37f3c', '{"firstname": "Bob", "text": "this is another random response"}');
INSERT INTO responses (id, listing, response) VALUES ('f0b7a520-92ad-4efa-bc3e-122bac510fd5', '3b20b014-6d04-451f-8471-f1cf19a27f56', '{"firstname": "Fan", "text": "this is yet another random response"}');